Model,Task,Layer,Relative_Depth,Accuracy_Drop,PPL_Degradation,PPL_Ratio,PPL_Rank,M1_MSE_next,M1_MSE_start,M1_MSE_end,M1_MSE_mean,M2_Cosine_next,M2_Cosine_start,M2_Cosine_end,M2_Cosine_mean,M3_Residual_next,M3_Residual_start,M3_Residual_end,M3_Residual_mean,M4_CKA_next,M4_CKA_start,M4_CKA_end,M4_CKA_mean,M5_L1_next,M5_L1_start,M5_L1_end,M5_L1_mean,M6_L_Inf_next,M6_L_Inf_start,M6_L_Inf_end,M6_L_Inf_mean,M7_Var_Ratio_next,M7_Var_Ratio_start,M7_Var_Ratio_end,M7_Var_Ratio_mean,M8_Pearson_next,M8_Pearson_start,M8_Pearson_end,M8_Pearson_mean,M11_SVD_Ent,M12_KL_Noise,M13_LogitLens,M14_Spectral_Norm,M15_Frobenius_Norm,M16_Effective_Rank
phi-tiny,csqa,0,0.0,0.9706314243759178,1.0900005492676428,1.0010183502078858,0.6129032258064516,0.0012275336117934,0.0,1.1028970110914338,8.344673064084846,0.1417578033596448,0.0,0.966280228604031,0.7580795546874528,0.8917201230215499,0.0,67.3421827249113,73.51819853596604,0.8103173199879352,1.0,0.3900256174434217,0.22561700360018666,0.0087988589261791,0.0,0.8278010814137189,0.41465143002445487,3.844626186911343,0.0,22.342172633615505,456.7491177563585,5.977247360785607,1.0,3766.0295774067754,28393.34217449349,0.8582340078115659,1.0,0.0338216900679051,0.24191778808243702,0.9580389857292176,1.4346503913402555,0.0,3.362154800597936,20.621471607521787,412.2651829654224
phi-tiny,csqa,1,0.03225806451612903,0.16152716593245217,615.0084088426597,1.5745813077040849,0.0967741935483871,0.0002446000956808,0.0012275336117934,1.1038859687214695,8.337302768233243,0.1097938032251806,0.1417578033596448,0.962116856243916,0.7290972949030072,0.647660987822371,0.5465154116218155,45.64906471308678,50.062579441498315,0.897429295878836,0.8103173216965041,0.3391485745964433,0.23902212190601962,0.0101341415741263,0.0087988589261791,0.8277702276380603,0.41422993007276343,0.8907392722089987,3.844626186911343,22.07103092527897,456.33678399510893,1.5326891920783303,0.3136043039689803,1220.0346586491414,9125.123686166953,0.8902031407309399,0.8582340078115659,0.0379774897488217,0.270904659075492,0.9733428955078124,1.1533593833446505,0.0,3.269035808027607,22.27549072487713,435.5187142123915
phi-tiny,csqa,2,0.06451612903225806,0.11453744493392068,120.21150752878587,1.1123094972424028,0.3870967741935484,5.896472918411242,0.0016693330556192,1.1029862907458097,8.333938792381065,0.1624909098962601,0.238884805168508,0.9487500036719584,0.7171618506846489,8.106073467385857,0.6997345958353554,33.542880444913294,38.54571008608721,0.1308901252031111,0.8015740207479588,0.3777853961649559,0.21930107372975555,0.0465907030796096,0.0141310966844433,0.8273544721579962,0.41383240217956796,526.33203125,4.25886734346207,21.983658374283376,456.20026994962166,4056.7061968029375,0.1922035783019762,745.0981340619211,5580.107347964076,0.8375096718958418,0.76111501220989,0.0513384910506317,0.2828409405363026,0.976486325263977,1.089408814907074,0.0,3.445114948161661,23.04693652832345,436.6050960266427
phi-tiny,csqa,3,0.0967741935483871,0.6372980910425844,233.88506083987272,1.2185108076208502,0.22580645161290322,0.0016971220437591,5.906188058423567,6.824783635666681,4.246662005493994,0.2636023294134866,0.3314523151133707,0.927508709633404,0.7050837759403542,1.115069080287565,0.7701920304114852,28.835079780472388,27.666897777226936,0.999992219128636,0.1370485320132009,0.4573476586329165,0.6619613146617052,0.0293267186880599,0.0517353904261928,0.8511996572375005,0.3979213360301733,2.5001743575962325,526.880615234375,520.1285479371417,280.8522103090544,1.0075082014468144,5.0886353813757264e-05,0.1892291928392077,1.4258148768097576,0.7363924791732838,0.6685481524975158,0.0725530641463133,0.2949136265246144,0.9825060367584229,0.9433960169553756,0.0,3.581418951896772,23.10235537568184,440.6927522437213
phi-tiny,csqa,4,0.12903225806451613,0.11453744493392068,657.7328814899495,1.6144973202523418,0.03225806451612903,0.2524583370750503,5.950336757006946,6.863928559761766,4.2500609184670965,0.4937478954874034,0.4822396038986443,0.9156237495033396,0.6879180536119542,4.805102214375839,0.8877148632628326,17.74917441796905,16.171799882454682,0.9845733339917356,0.1370805207286014,0.4575358100546666,0.6620537709058181,0.0674135628706309,0.0681044648200834,0.8502795185640539,0.397911623896124,54.430745442708336,528.880615234375,522.6285479371417,281.20417668602687,1.2352911889992415,5.050640517529588e-05,0.1878167876056918,1.4151782002104447,0.5062492333602749,0.5177599181902399,0.0844349217929867,0.31207831217228515,0.9780126810073853,0.8589676022529602,0.0,3.440315631970967,23.09525789626657,442.8828298490341
phi-tiny,csqa,5,0.16129032258064516,0.10866372980910415,-230.9176526816377,0.7842615402617732,0.967741935483871,0.0043185142717071,7.351850814842768,8.210142432813464,4.2119338475944215,0.1317456852306019,0.6939018806358715,0.9147025886602718,0.5555636002819445,0.507175870306857,0.9554639908254,9.487836835425377,7.177112007039209,0.9999472210389684,0.1399674626916988,0.4848529644841351,0.6785598532649878,0.0454497191868875,0.1076045792723756,0.8636049426158464,0.3924340451286684,3.671871800778051,582.380615234375,572.6285479371417,287.0923950096118,0.9870871032094682,4.089954862817584e-05,0.1521034812727099,1.1460663717296564,0.8682429420957792,0.3060987564406368,0.0853741805478747,0.44442477161835126,0.9776660799980164,0.490029513835907,0.0,3.533569237957262,23.19048467074355,442.3679475653661
phi-tiny,csqa,6,0.1935483870967742,0.11894273127753296,197.01108219708703,1.184060711387703,0.2903225806451613,0.0100958276521734,7.257162296215498,8.109004456131894,4.1845686530807376,0.1384946974841031,0.7330165014073655,0.8981288310009178,0.5264611977595305,0.5641549547171613,0.9685851143189476,8.037378623581246,6.065884329419793,0.9992694318733872,0.1400646682551022,0.4847357182181536,0.678875119385866,0.0537679662728143,0.1181712841994932,0.8608196586199611,0.38961639398501846,6.69013955805948,578.880615234375,569.1285479371417,286.11746326808947,0.9996138432785492,4.143675752028932e-05,0.1541009045508823,1.1610848405621639,0.8614935231540751,0.2669832220607659,0.1019614031027322,0.47352826483257837,0.9742056727409364,0.3450995460152626,0.0,3.433846103001948,23.408213243092572,443.0559154079385
phi-tiny,csqa,7,0.22580645161290322,0.07635829662261374,-377.9115995129707,0.646930126608631,1.0,0.0142072036604562,7.255534110354362,8.096304146409718,4.1779358990508175,0.1125548709424961,0.785528834399681,0.8833294663026038,0.5118578924720436,0.5298502675633661,0.9811603866279563,6.307999740556847,4.750473043695244,0.999194294482738,0.1397309753125461,0.4840296579739971,0.679160822962765,0.0644761039269058,0.1338449080431197,0.8586380635979329,0.3869686399254319,7.626004555692056,578.880615234375,569.1285479371417,286.11556960646,1.012980466783291,4.146267628838241e-05,0.1541913637340703,1.161717490725597,0.8874428862435811,0.2144683571036578,0.1167649256338553,0.4881320262501698,0.975062906742096,0.2825992219150066,0.0,3.520955065341845,23.311612886925268,443.3970974634772
phi-tiny,csqa,8,0.25806451612903225,0.09838472834067542,-74.71828988038101,0.9301932590000316,0.8064516129032258,0.0212404213233238,7.350805431189447,8.166327156657376,4.159572660321656,0.0827873084117505,0.8239053420045159,0.8604751126650022,0.48813251788246637,0.4464348830423035,0.988014087581322,5.162992455937841,3.555470134933265,0.99989707649584,0.1409335341609642,0.489396914729908,0.6809916288388624,0.0734412634926775,0.1548769888357487,0.8582528255495451,0.3831416694066021,4.660978600004479,579.880615234375,570.1285479371417,286.76023990594393,1.0018879174209832,4.093794041964385e-05,0.1522457383200831,1.1469512282464702,0.9172100933431896,0.1761026258330966,0.1395625087945896,0.5118646145267007,0.9770541787147522,0.181354247033596,0.0,3.372862355349815,23.474770464309277,444.51499427508
phi-tiny,csqa,9,0.2903225806451613,0.11894273127753296,279.146844340952,1.2607973428602774,0.1935483870967742,2.9383166006008845,7.363913232239419,8.153216078084185,4.102412145582426,0.1197147975682626,0.8211386024671241,0.834899330766449,0.4456839302406371,0.968423991052954,0.9884172128322768,4.552450215982473,2.6096171241529733,0.7650849490039765,0.1411716218985904,0.4916760295165747,0.6844971446704247,0.1089404267605995,0.1831475070492348,0.8575036477886391,0.3821010610339842,257.10227632639743,579.880615234375,570.1285479371417,286.1786317700348,1.4280726636266434,4.085312455938901e-05,0.151943994120044,1.1442250220800392,0.8802847439983065,0.1788726985259294,0.1651314890697098,0.554317771349206,0.9779878854751588,0.1001427546143531,0.0,3.5819366027231085,23.222533542815956,442.0584056932632
phi-tiny,csqa,10,0.3225806451612903,0.10572687224669598,38.42829603935252,1.035902241780209,0.4838709677419355,0.0066525366366669,10.407546250376909,10.990138413181665,3.376865583768504,0.0303886881331553,0.8204456838084283,0.8285777053317508,0.39795794585577826,0.2490282383832064,0.989610041291083,3.895677561646695,1.91002483937331,0.9999931984803014,0.1306991663888816,0.573466564181591,0.799897754924344,0.0528984539619632,0.2358477590857325,0.8869789372595679,0.37144656086912226,5.237183317017301,579.880615234375,570.1285479371417,208.33401019909067,1.002136937913887,2.9902069599749865e-05,0.1119834101201324,0.8100221670884928,0.969610235761366,0.1795689947201422,0.1714432873655595,0.6020455370421837,0.9786844849586488,0.0708283856511116,0.0,3.57284140995104,23.45687009210456,443.6472685892288
phi-tiny,csqa,11,0.3548387096774194,0.10132158590308359,11.63548583566103,1.010870636191475,0.5806451612903226,0.014838382762679,10.429149945576986,10.992470443688095,3.3634554389239524,0.030102531701009,0.8138648280103513,0.8140442593482359,0.37938217739906405,0.2616321580098556,0.9899028980468356,3.560434951243295,1.7310821598839627,0.999935717196078,0.1307960920734521,0.574090458544232,0.8000448392172079,0.0644850946389242,0.2498235649793095,0.8855006597161196,0.37042077474250706,11.855024058149056,579.880615234375,570.1285479371417,207.38946693955046,1.008142823473925,2.983715074912669e-05,0.1117395174405083,0.8082893750048089,0.969896362610863,0.1861485763224883,0.1859866770489307,0.6206212894026919,0.9741610288619996,0.0530745508149266,0.0,3.333895261157049,23.245152950286865,444.6001040837536
phi-tiny,csqa,12,0.3870967741935484,0.07342143906020548,-98.08165395070604,0.9083656675608253,0.8709677419354839,0.0095111855071565,10.51949812446238,11.054656989451416,3.3707230375646056,0.0336208553415746,0.8153285356230857,0.7990032864900811,0.3657847391788517,0.2568624040491751,0.9908677401062312,3.2271878568975776,1.5636197733715707,0.9999358946431572,0.1309073728438311,0.5757338922107738,0.8000454320128102,0.0668297092614117,0.2708644447123584,0.8847541752455178,0.37220491702385383,3.993164462402744,579.380615234375,570.1285479371417,207.0226320619958,1.0091493379669438,2.960916828355386e-05,0.1108892486429941,0.8018450344110689,0.9663782674791772,0.1846829500235464,0.2010444117241663,0.6342180577071688,0.9753741025924684,0.0434895921498537,0.0,3.477482341740229,23.09638538099315,443.5736285693025
phi-tiny,csqa,13,0.41935483870967744,0.12481644640234939,-66.16674969915346,0.9381826703146838,0.7741935483870968,0.0087709357659961,10.619033050771428,11.123128923405202,3.375686819089064,0.0299526975840256,0.8259907586715145,0.7758244890765418,0.35392314703703337,0.2558395907124176,0.992291845765688,2.957211290003334,1.4389056449688904,0.9999993515737128,0.1309083760635931,0.5764864591376689,0.8000052087012827,0.0636352227724643,0.286105857788296,0.8798314259249495,0.3722605880592621,4.943501740376741,581.380615234375,572.6285479371417,207.08267150024815,1.0020916152449535,2.9347830398489143e-05,0.1099149738556654,0.7946220333598573,0.97004644876616,0.174018155243385,0.2242283663917622,0.6460802009804777,0.9755526185035706,0.0631497548893094,0.0,3.456994501695241,23.22892235403192,444.6727992410529
phi-tiny,csqa,14,0.45161290322580644,0.20117474302496324,-44.93449394917138,0.9580192401874273,0.6451612903225806,0.0137864999049003,10.639671184311725,11.122571375797657,3.358322915373374,0.036141707211806,0.8253177753683976,0.7710634123634648,0.34487243133378165,0.2613608489922087,0.9931852411384176,2.629872635287598,1.2877799559340346,0.9999534080108592,0.1309388675189208,0.5767267034202204,0.800036368574887,0.0846584500786127,0.3003262153275183,0.8789500743028671,0.37428332620146276,4.840546379120598,581.380615234375,572.6285479371417,206.78240766425685,1.0113539878312532,2.928336747212237e-05,0.10967260908967,0.7929469588311263,0.9638607440963326,0.1746881019436952,0.2290032633277454,0.6551301448327931,0.9717565774917604,0.039207468740642,0.0,3.4345735376828337,23.17177584073315,442.2052509752039
phi-tiny,csqa,15,0.4838709677419355,0.026431718061673968,-52.75906254219467,0.9507090135470144,0.6774193548387096,0.0114303886116978,10.762961340380144,11.220577217339493,3.3784189472802035,0.02904280231782,0.8324303304826891,0.7572847534944346,0.34102457456129015,0.2346902786342947,0.9940007345584648,2.445752118475412,1.2060628487407419,0.999996649301218,0.1309191382014903,0.5778630503272542,0.8002567834408572,0.0802896292079285,0.3143859959644533,0.8757597713271289,0.3754983140587773,4.234896473177723,583.380615234375,575.1285479371417,207.5468863817046,1.0016582748325606,2.8958945998418905e-05,0.1084639528563381,0.7840824196782838,0.9709573497448076,0.1675848319858044,0.2427356305252226,0.6589851966411879,0.9744259119033812,0.0527028273791074,0.0,3.5528750003200686,23.12999103167285,442.4782726470738
phi-tiny,csqa,16,0.5161290322580645,0.042584434654919116,-60.762869913476834,0.9432313302505254,0.7096774193548387,0.2106817366035135,10.779472098010764,11.213574485247689,3.3712247062356404,0.0531952069686339,0.8377264713125576,0.7462344810330018,0.3424723273817065,0.4668450753870409,0.9945768369796528,2.289651566504651,1.1469912243748417,0.9914801794422348,0.1310175360561051,0.5781840662015061,0.8002995979537098,0.1625201194917052,0.3317653801136579,0.8731723202729597,0.37994394894082173,28.539809518325143,583.380615234375,575.1285479371417,207.53895900183093,1.1051751726675385,2.890796637495365e-05,0.1082720694869732,0.782768491990322,0.9468041148759808,0.162291622425473,0.2537731852422085,0.6575408857182297,0.9717212915420532,0.0476649738848209,0.0,3.749753900294034,23.97964863507253,467.0887706144801
phi-tiny,csqa,17,0.5483870967741935,0.05873715124816447,-176.06947070695617,0.8355043195003684,0.9354838709677419,0.0207735602053631,11.936016438536525,12.242790931761022,3.6934728387170788,0.0308577830824668,0.847768981824343,0.7412946344910831,0.33959540294027174,0.2311472926566485,0.9956752689132722,1.9791994184670536,0.9813839595266797,0.9999529301485598,0.1337573137042783,0.6063427446954667,0.8009137320237809,0.100832051735594,0.3956580941643898,0.8877570351843557,0.39608285403932475,7.981586878071253,586.380615234375,578.6285479371417,212.93098600705466,1.0132633544303276,2.619429785639029e-05,0.0981602109358459,0.708664297408349,0.9691426866275183,0.1522473120584437,0.258722052698151,0.6604179581720687,0.973225235939026,0.033364605391398,0.0,3.7637278673783783,24.32629023857837,467.39950148564463
phi-tiny,csqa,18,0.5806451612903226,0.027900146842877997,125.72134374335316,1.1174571486433955,0.3548387096774194,0.0425953679457978,12.096593058177628,12.374990100844974,3.7398112564330335,0.0452350703640905,0.8552012834194544,0.7306478241737703,0.3419423875426393,0.3352238770443138,0.9961597799864292,1.883233334567096,0.9484710588080261,0.999999168366316,0.1338387914901991,0.6075242145885511,0.8005310669050515,0.1312775259973278,0.4144582556565212,0.8852197621612643,0.40133996500254565,9.690828040620522,589.380615234375,582.1285479371417,213.96796763343562,1.0087888295488412,2.585450788944677e-05,0.0968931220886797,0.6994234198054832,0.9547685380845066,0.1448078374885614,0.2693925386296248,0.6580670453693083,0.9725529551506042,0.0342654946725815,0.0,3.892752969040061,24.355798433411795,467.6595284983797
phi-tiny,csqa,19,0.6129032258064516,0.04405286343612335,-62.94459691399277,0.9411930173836026,0.7419354838709677,0.031852271865495,12.194332839034796,12.383619436174998,3.7387434310755743,0.0291746528201372,0.868467986058935,0.7050479502340109,0.3407711136600278,0.2408451988841548,0.997132885368216,1.6144658586805127,0.8434413785372695,0.999976332855459,0.1340074575217067,0.6077608831782111,0.8006570263866298,0.1374756615123819,0.4483828231460437,0.8758441917628758,0.41014906168758203,3.4971111025798525,589.380615234375,582.1285479371417,212.08494547875958,1.0179312545485812,2.5614665623391097e-05,0.0959886821745044,0.6932356221574079,0.9708247697812236,0.1315278058885356,0.2950596719077139,0.6592320840230652,0.9747353196144104,0.0334764649160206,0.0,3.851577603592063,24.6501008339648,468.4445609236663
phi-tiny,csqa,20,0.6451612903225806,0.017621145374449174,48.24387855404825,1.0450726045851413,0.45161290322580644,0.0412426376829715,12.413272380438327,12.532722316932524,3.812400721037764,0.0276825528570514,0.8731175213014855,0.6828814016122685,0.34422622713829365,0.2533840673146533,0.9974669710619346,1.493866543414454,0.8068633459498503,0.9999992806925138,0.1343188255897171,0.6092465692714626,0.8002367220257341,0.1393700273895146,0.4889279460438346,0.871373221729741,0.42626983480280867,9.909707959024365,591.380615234375,584.6285479371417,213.72319981077476,1.010864699697221,2.51631100007717e-05,0.0942995410449162,0.6810386059376481,0.9723172676455868,0.1268806783795161,0.3172165707766668,0.655778490256535,0.9740938544273376,0.0236829632194712,0.0,3.8583399214834535,24.554618196667366,469.963654572109
phi-tiny,csqa,21,0.6774193548387096,0.014684287812041117,101.29950489761792,1.0946406604478482,0.41935483870967744,0.0432583543912101,12.538984155772066,12.582908515555268,3.852426374418738,0.0236107771949236,0.8799608487095821,0.6719942853208647,0.34983947012652805,0.2094916889747569,0.9978961031716148,1.362731943259368,0.7656068544233039,0.9999283113799848,0.1345492968218283,0.6096236243001952,0.8003829354136894,0.1506698088847058,0.5219287104922957,0.867746308726624,0.4406821774406531,8.075543227886978,591.380615234375,584.6285479371417,214.5048120150695,1.0098809219597793,2.4877527312463414e-05,0.0932257797578189,0.673629941362214,0.9763888251966966,0.1200322818184953,0.328129937666347,0.6501641577970844,0.980454683303833,0.038046081084758,0.0,3.8976140876985945,25.0759712255226,470.8189062982235
phi-tiny,csqa,22,0.7096774193548387,0.019089574155653412,490.0682349822514,1.4578539793467664,0.12903225806451613,0.0590766782214122,12.65729758389947,12.647958728156064,3.9073004873575683,0.0363433287340924,0.883201997986492,0.6581363912540611,0.353881816240714,0.2668828329011907,0.9980140502681312,1.3182647922408084,0.7564528299725166,0.9999989219906876,0.1355717248686823,0.6130601091525478,0.8002925854991643,0.1908049843747727,0.5533971995432586,0.8672211408419848,0.4590448072370078,3.6520734157452903,591.380615234375,588.1285479371417,216.89167540528365,1.0086211212144145,2.462394113193349e-05,0.0922809198764164,0.6669945255406122,0.963655141364542,0.1167862293212068,0.342015338983817,0.6461209865366273,0.9740358591079712,0.0225959182716906,0.0,3.829143470188357,24.803373903598427,470.3353217142933
phi-tiny,csqa,23,0.7419354838709677,0.05139500734214391,212.377967321592,1.1984174662275142,0.25806451612903225,0.0919052425781104,12.75924320049114,12.65392609134646,3.951701202235996,0.0338188068091527,0.8868085634356927,0.6331026570705192,0.3626571134469616,0.3056703359986992,0.9982369690035132,1.2296798062265943,0.7427099851455102,0.9999984948484748,0.1358514625280119,0.6136126696428835,0.8004377585609777,0.1951825199656365,0.6140026890967929,0.866338089486793,0.49313889989891774,14.114448966011466,591.380615234375,588.1285479371417,217.38959000932692,1.0269080206178232,2.4401906081637643e-05,0.0914459156481141,0.661232776013754,0.9661801891381578,0.1131749414609261,0.3670805729040838,0.637345464580542,0.9788699150085448,0.0292273559607565,0.0,3.918930125686358,25.24695237177723,470.6610709136387
phi-tiny,csqa,24,0.7741935483870968,0.011747430249632852,38.38582564725221,1.03586256314642,0.5161290322580645,0.0888732594974113,13.082598633496708,12.8393404227998,4.117045588194134,0.0304913935751137,0.8942624363105479,0.6249936903772737,0.37104475891685157,0.2552901629440907,0.9986280734474594,1.1142975630865637,0.717394672170202,0.9999982971426504,0.1361856850124987,0.6140808385478776,0.8006300273066101,0.2275036257568878,0.6702658151330565,0.8690775400981076,0.5289195454366701,6.430557688370189,591.380615234375,588.6285479371417,222.33239404321398,1.0155843276649494,2.373204514072184e-05,0.08893099504719,0.6437762969309835,0.9695056422043784,0.1057129047817133,0.3752351197719965,0.6289597246841658,0.9754140973091124,0.0184987499378621,0.0,3.8098802094189623,25.305799898111594,472.39530548059713
phi-tiny,csqa,25,0.8064516129032258,0.019089574155653412,28.35488327711073,1.026490996999241,0.5483870967741935,0.0939881045075345,13.272937500115598,12.904176221139894,4.230866777883,0.0298209222587379,0.8962208509725884,0.6045120855416557,0.37996473527142743,0.2397932344948435,0.9987765339239028,1.051417292872967,0.7119587756583527,0.9999974329485256,0.1364475355180778,0.6144942799911062,0.800776223175293,0.2417442244672072,0.7259158049324904,0.8709290067159573,0.5669662206628978,3.152404535217036,591.380615234375,588.6285479371417,224.46161732529148,1.0065923839392572,2.334857864602756e-05,0.087487599579808,0.6338133239932056,0.9701764138871584,0.1037525549335718,0.3957321429281914,0.6200403514549664,0.9782858490943908,0.0222122366540133,0.0,3.829399342806834,25.301817763526486,473.49530101272296
phi-tiny,csqa,26,0.8387096774193549,0.017621145374449174,151.6216314101,1.141654900972468,0.3225806451612903,2.717348535074551,13.354532172306945,12.833066028029483,4.30408263020637,0.039132209609123,0.9004012874398536,0.5670075961110242,0.38860483882536107,0.3148254619622992,0.9988987974023156,0.9962492998655852,0.7131558288423456,0.8624783770458119,0.1367376602157938,0.6151212038415851,0.800696080558915,0.324523147259649,0.7909705680379313,0.8638970405229479,0.6156625435382499,357.8036445536446,589.380615234375,587.6285479371417,224.97736468030038,0.5036030303592276,2.3186912256279935e-05,0.0868800829861078,0.6296297859932174,0.9608705520727516,0.0995728839966823,0.4332381153965856,0.6114000239814529,0.9776384234428406,0.0190758942626416,0.01171875,3.905307839501579,25.29889766225275,471.3508711850868
phi-tiny,csqa,27,0.8709677419354839,0.0,-125.2888653533082,0.8829469011148399,0.9032258064516129,2.6232244122428643,6.867050482736661,6.221187719646582,4.687475439022242,0.0582949570414475,0.9085456760970908,0.5325747040526775,0.406662161447898,0.3472443038962299,0.9991059726520604,0.9323056184981906,0.7372814454161161,0.839913564612883,0.1471841605128468,0.6412780083026386,0.6637509795198119,0.377191911019037,0.8661739387832441,0.8490623515419644,0.6981207078260222,219.68120393120392,303.06492126114927,291.3430845618346,316.74906827659515,0.4687646447172133,4.734333319205902e-05,0.178011496144787,1.2719405619848918,0.941699643099923,0.0914115035184868,0.4677804310384292,0.593350854592648,0.9778466820716858,0.0172015534481033,0.03515625,4.108674222568296,25.131900922307427,471.5096094383384
phi-tiny,csqa,28,0.9032258064516129,0.019089574155653412,359.2152813019079,1.3356025431687142,0.16129032258064516,0.4015279864064012,2.962314583452679,2.24047488115734,6.931385344805854,0.0448669484167388,0.9159997844340908,0.4569598678484205,0.45347812752432765,0.3267774213834633,0.9991775773081204,0.8672006765317956,0.8601290134844246,0.9244957534530728,0.2644334273972685,0.8045133744762336,0.5982579006025208,0.3897125122490523,0.9409143238844782,0.8219063691581301,0.7900330096980546,47.07724201474201,126.76913744577318,112.7174639127764,412.46688943373977,1.197982569291492,0.0001001113963893,0.3744550460825974,2.79710910168299,0.9551280301970404,0.0839527686485787,0.5434499989758741,0.5465373693882236,0.9739614129066468,0.0243548324797302,0.05859375,4.562086352762186,25.39482545852661,471.5039207980318
phi-tiny,csqa,29,0.9354838709677419,0.008810572687224587,-89.34399304739907,0.91652896509613,0.8387096774193549,0.6775076144743317,3.553360818156837,2.447623871956372,7.069742357438425,0.0878948829000255,0.9182888701570318,0.3994475801297624,0.4815774142969457,0.445209527289057,0.9992552766245374,0.8165970395863007,0.8648368863558227,0.8851392540552887,0.264144031411795,0.818800369849662,0.636417163940236,0.3841305437583985,1.052008911833033,0.8180585110119187,0.8911513458238725,79.52679668304668,128.50919988758733,116.52741413288288,399.5425281108744,1.0280810810814716,8.386836417095547e-05,0.3141190182176601,2.333874544170717,0.9120968164331495,0.0816693212760705,0.600941451771351,0.5184335561148268,0.9693143963813782,0.0068794785765931,0.29296875,4.517594812051305,25.41203513235416,469.0374749111679
phi-tiny,csqa,30,0.967741935483871,0.01321585903083688,650.8832894975976,1.6080979808813385,0.06451612903225806,2.111949663002114,3.642087632178479,2.111949663002114,9.155130605952454,0.3170856599628095,0.9410893615155216,0.3170856599628095,0.5666541821305411,0.7421192784078975,0.999525485860823,0.7421192784078975,1.0102168707967256,0.796682536943734,0.2986158910257029,0.796682536943734,0.4121766238933439,0.7590524326768886,1.1285053023932703,0.7590524326768886,0.9848048840493062,90.70675931613432,100.04807781997418,90.70675931613432,453.867323120728,0.3049105935097717,8.148961067782738e-05,0.3049105935097717,2.281991862419338,0.6834230606034581,0.0588525216614585,0.6834230606034581,0.433357553045993,0.9725295901298524,0.004448345513083,0.42578125,4.858777028209758,25.1866910592565,468.9539559562251
phi-tiny,csqa,31,1.0,0.023494860499265705,1085.5003109199854,2.0141457892182446,0.0,0.0,1.1028970110914338,0.0,8.57710401602181,0.0,0.966280228604031,0.0,0.7165479247615502,0.0,0.9995983880528848,0.0,1.5231042870859648,1.0,0.390025616528117,1.0,0.5831633467418338,0.0,0.8278010814137189,0.0,0.8319267019016224,0.0,22.342172633615505,0.0,450.9617729483814,1.0,0.000268487364505,1.0,7.586121099950643,1.0,0.0338216900679051,1.0,0.2835797496760408,0.9422171711921692,0.0069041166570968,0.67578125,6.256827138504892,25.84102242397812,434.9167307007988
phi-tiny,siqa,0,0.0,0.8622754491017963,590.6235013903745,1.579602124631075,0.03225806451612903,0.003125389570283,0.0,1.089556391596794,9.333023281906904,0.1402207885980606,0.0,0.9690310657024384,0.7615805732263252,0.9830187915563584,0.0,66.23886805725098,79.8317608033754,0.8259805629849434,1.0,0.24956736895442,0.17211255458963565,0.0097536216508597,0.0,0.8230864073038101,0.4303572676928015,7.6409716796875,0.0,22.324962646484376,457.58529631900785,12.039022486686706,1.0,3356.8053071289064,28784.020653177424,0.8597757519483566,1.0,0.0310693476460874,0.23841065278917084,0.9580389857292176,1.69229856133461,0.0,3.362154800597936,20.621471607521787,412.2651829654224
phi-tiny,siqa,1,0.03225806451612903,0.09281437125748497,276.8797958515431,1.2717130584292529,0.3548387096774194,0.0002463787188462,0.003125389570283,1.0930880538225174,9.326594874499158,0.1046128448247909,0.1402207885980606,0.9651622826121748,0.7326654490838991,0.6298858423233032,0.5524791429042816,44.13729997253418,52.8746107898578,0.955923903942108,0.8259805584549904,0.1479972784221172,0.14946482240440667,0.0101175142079591,0.0097536216508597,0.8233661561012268,0.4302474792838911,0.8900908203125,7.6409716796875,22.05213232421875,457.05448588037495,1.3297843408584595,0.1768040834739804,641.7984252243042,5540.571928072203,0.8953858915567398,0.8597757519483566,0.0349182472378015,0.26733325113705353,0.9733428955078124,1.546164095401764,0.0,3.269035808027607,22.27549072487713,435.5187142123915
phi-tiny,siqa,2,0.06451612903225806,0.026946107784431097,213.52717100059203,1.209542630266258,0.41935483870967744,5.061527722835541,0.0037629955224692,1.0923837232589722,9.32377820965959,0.1641931128501892,0.2333998651504516,0.9511003598496318,0.718140490456717,7.034919298171997,0.7006489202976227,32.57808917236328,40.895345151621854,0.0600048731968272,0.8205672662258148,0.1633754689209163,0.14150562417897888,0.0431315540634095,0.0150276582743972,0.82296679520607,0.429831372282526,526.33203125,8.176462890625,21.96506494140625,456.92376471328737,2011.771269561768,0.1174535486921668,421.76160277557375,3640.093928181992,0.8358144563436508,0.7666042803525924,0.0489755521789193,0.2818593883779831,0.976486325263977,1.3512312918901443,0.0,3.445114948161661,23.04693652832345,436.6050960266427
phi-tiny,siqa,3,0.0967741935483871,0.37425149700598803,729.5382566046958,1.7159246500221015,0.0,0.0016238680148962,5.068953852653504,5.994381447792053,5.794656003066695,0.2500212112665176,0.3298760434389114,0.9280330019295217,0.7013744444414042,1.0698649414777757,0.7689313925504685,28.256675365448,30.66762526534125,0.9999884775877,0.0888864467814564,0.4055106799304485,0.5441669409470851,0.0283029654808342,0.0476331761777401,0.8431313436031341,0.4154288609647192,2.50115625,526.880615234375,520.1112265625,307.15927618694303,1.007609825134277,6.629102757142391e-05,0.2182443470358848,1.8724519660526422,0.7499705687761307,0.6701281985044479,0.0720316342711448,0.29861753708682953,0.9825060367584229,1.3409347236156464,0.0,3.581418951896772,23.10235537568184,440.6927522437213
phi-tiny,siqa,4,0.12903225806451613,0.0808383233532934,375.1699900538215,1.3681691006556989,0.22580645161290322,0.1997962258458137,5.107354814052582,6.027985700607299,5.798267677926349,0.454664186000824,0.4720397055745124,0.9170560474991798,0.6821942671951838,3.8784222989082338,0.8853353996276856,17.686222564697264,18.47217585137859,0.9850900810956956,0.0889413851313292,0.4056468759477138,0.5442411104540805,0.0617470329403877,0.0631198339909315,0.8422632019519806,0.4154661961231614,54.4138544921875,528.880615234375,522.6112265625,307.5461765575409,1.234988443374634,6.578939139581053e-05,0.2165941293239593,1.8582868935616514,0.5453286823630333,0.5279574986100197,0.0830035145282745,0.3177989475708455,0.9780126810073853,1.0751129388809204,0.0,3.440315631970967,23.09525789626657,442.8828298490341
phi-tiny,siqa,5,0.16129032258064516,0.11976047904191617,395.0304721899524,1.3876589746874652,0.1935483870967742,0.004573814433068,6.308394742488861,7.185620144844055,5.799526402148709,0.1568952002525329,0.6724429679512978,0.9161997862309218,0.5765743876527996,0.5796593351364135,0.9513576741218568,10.341570854187012,10.05846129818633,0.9999239255189896,0.0923739171810448,0.4246031970977783,0.5514449422640391,0.0467040249705314,0.0977612780481577,0.8528899301290512,0.4112162361468654,3.59543359375,582.380615234375,572.6112265625,315.19423097372055,0.9869802742004394,5.327825564745581e-05,0.175441427052021,1.5048190337146656,0.8430872911214828,0.3275432812571525,0.0839100433140993,0.4234084115335718,0.9776660799980164,1.1429328620433807,0.0,3.533569237957262,23.19048467074355,442.3679475653661
phi-tiny,siqa,6,0.1935483870967742,0.04191616766467062,145.18084327306565,1.1424716846158525,0.5483870967741935,0.0075594006534665,6.22626394367218,7.097621463775635,5.778158720987791,0.163041264295578,0.7186351689100265,0.9025143553763628,0.5478915983517654,0.638949408173561,0.9669558665752412,8.607200947761536,8.310727124493567,0.999746288061142,0.0923571099117398,0.4243929689824581,0.5516826369599512,0.0559719665721058,0.1096734586507082,0.850467748761177,0.40890549127361736,4.39078857421875,578.880615234375,569.1112265625,314.28604983472826,1.0005246294736865,5.398161357152276e-05,0.1777570754438638,1.524658581460245,0.8369410654306412,0.2813488259315491,0.0976086256802082,0.45209323605755347,0.9742056727409364,0.8296886384487152,0.0,3.433846103001948,23.408213243092572,443.0559154079385
phi-tiny,siqa,7,0.22580645161290322,0.04790419161676641,26.464074419116287,1.0259702394564494,0.9032258064516129,0.0127057427298277,6.229621541023255,7.089970643043518,5.77542721336725,0.133902522444725,0.7855801468193531,0.8868206632882356,0.5380027920352295,0.5923248683214187,0.981757483959198,6.634031518936157,6.365556677032262,0.99938401556015,0.0922530163303017,0.4241987033486366,0.551793476527957,0.0681571918874979,0.1269771406501531,0.8484820121526718,0.4065264044732321,7.298953125,578.880615234375,569.1112265625,314.4204413237572,1.0112347791194916,5.39524305931991e-05,0.1776649015396833,1.5237770202196956,0.8660943788290024,0.2143998037278652,0.1133035674393177,0.4619828245909885,0.975062906742096,0.5848158001899719,0.0,3.520955065341845,23.311612886925268,443.3970974634772
phi-tiny,siqa,8,0.25806451612903225,0.05688622754491014,330.4874302472931,1.3243203433054536,0.2903225806451613,0.035728603140451,6.30020869922638,7.137371314048767,5.764015737936104,0.1073190460205078,0.8231769464612008,0.8615372609347105,0.5107924276725389,0.5508817713856697,0.988622010588646,5.327608173370361,4.488016974046827,0.999846293091774,0.0930211675874888,0.4274574965536594,0.5521164360960683,0.0884362140521407,0.1499452783167362,0.8474780529737472,0.4030612470603082,5.615087890625,579.880615234375,570.1112265625,315.2511116182804,1.00477494931221,5.335881499195238e-05,0.1757132115066051,1.50689304275339,0.8926782276630402,0.1768154352307319,0.1385231590121984,0.48920129176275795,0.9770541787147522,0.3420991227030754,0.0,3.372862355349815,23.474770464309277,444.51499427508
phi-tiny,siqa,9,0.2903225806451613,0.11077844311377244,366.1011804121658,1.3592695202566722,0.25806451612903225,5.69873114964366,6.329037078380585,7.132556309700012,5.667741932499717,0.1356438732147216,0.8292883834540844,0.8311386335194111,0.4649336261758581,1.3730987782478332,0.9893913165330886,4.636022325515747,2.929045400163159,0.57623722204566,0.0932105180621147,0.4325626648068428,0.5586566386773629,0.1533568824827671,0.1898556821346283,0.849957883477211,0.4039968331612181,310.1663659667969,579.880615234375,570.1112265625,314.4847877047062,1.9565982520580287,5.309243348165183e-05,0.174844356060028,1.4985312064606353,0.8643561002016068,0.1707076979577541,0.168911159902811,0.5350659294463693,0.9779878854751588,0.1502152010798454,0.0,3.5819366027231085,23.222533542815956,442.0584056932632
phi-tiny,siqa,10,0.3225806451612903,0.17365269461077837,95.23723019437875,1.0934600482959047,0.6774193548387096,0.0061526775509119,12.166230090141296,12.599880667686463,4.282126728814154,0.0318280762434005,0.8264101077616215,0.8222259449660778,0.4034971107263118,0.2553529480695724,0.9904043525457382,3.987246958255768,1.9737358572576196,0.9999951397180558,0.0828633171655237,0.6425455123186111,0.7655305079911705,0.0521719810888171,0.2733644708395004,0.9053929266929628,0.38519962229882365,4.643546875,579.880615234375,570.1112265625,219.80970238304138,1.0019249820709228,2.8921007451572223e-05,0.0955270186066627,0.7748727374330842,0.9681708990335464,0.1735920811593532,0.1778074888586998,0.5965047396626323,0.9786844849586488,0.1328772064298391,0.0,3.57284140995104,23.45687009210456,443.6472685892288
phi-tiny,siqa,11,0.3548387096774194,0.05089820359281435,32.742736964639334,1.0321317385208448,0.8709677419354839,0.0129014432858675,12.188880666732787,12.603757341384888,4.268705729311972,0.0310334326028823,0.8192149817049503,0.8077702941596508,0.3827258370239287,0.2608556166887283,0.9906536149978638,3.625542719841004,1.7800777404317631,0.9999483071565628,0.0829228084720671,0.6430723099708557,0.7656202224797016,0.0651636430546641,0.2864377559125423,0.9041432658433914,0.3840800516335293,9.6203203125,579.880615234375,570.1112265625,218.9445595397949,1.010332040309906,2.8864028545285693e-05,0.0953381387069821,0.7733769919074251,0.9689654761552812,0.1807854228615761,0.192276925265789,0.6172756169550121,0.9741610288619996,0.0888581313192844,0.0,3.333895261157049,23.245152950286865,444.6001040837536
phi-tiny,siqa,12,0.3870967741935484,0.023952095808383148,50.6236035114182,1.0496789377371993,0.8064516129032258,0.0095912529882043,12.32079135131836,12.707572749137878,4.292842783339729,0.0343032842874527,0.8211778567135334,0.7924423516988754,0.36882507802825415,0.260459851861,0.9915526651144028,3.2864167709350585,1.6086629539011046,0.9999421192407608,0.0828177922330796,0.6443888343572617,0.7651652164404513,0.0670855141729116,0.305045322805643,0.902756555080414,0.384857598156901,4.0775615234375,579.380615234375,570.1112265625,218.66143155479432,1.010595440864563,2.8583871206137706e-05,0.0944122555851936,0.7655393756982234,0.965695793747902,0.1788206960856914,0.2076226294636726,0.6311756477579475,0.9753741025924684,0.0754760820418596,0.0,3.477482341740229,23.09638538099315,443.5736285693025
phi-tiny,siqa,13,0.41935483870967744,0.08682634730538918,119.22795093381204,1.1170030882854627,0.5806451612903226,0.0092081471793353,12.455018904685977,12.810964372634889,4.313824012412166,0.031743480682373,0.8318462516665459,0.7702521872222423,0.3580981426239014,0.2686253585219383,0.9928247846364976,3.0133106598854065,1.4813426634492353,0.9999995867013932,0.0826486969031393,0.6447223813533783,0.764823262242986,0.0642464458495378,0.3197315472364426,0.8982084286212921,0.38457015895470975,5.226328125,581.380615234375,572.6112265625,218.82539091873167,1.0018707509040832,2.8292665081607994e-05,0.0934521966129541,0.7575573041158302,0.9682556384801864,0.1681514625847339,0.2298169257044792,0.6419035475198179,0.9755526185035706,0.0715015195310115,0.0,3.456994501695241,23.22892235403192,444.6727992410529
phi-tiny,siqa,14,0.45161290322580644,0.11976047904191617,62.842699689105984,1.0616700185001342,0.7741935483870968,0.0134074964933097,12.476404938697817,12.811242024421691,4.294382699438255,0.0359102957248687,0.8315644006729126,0.7671344805955886,0.3488577953409403,0.2623065528869629,0.9936555926799774,2.659640601158142,1.3135462759453804,0.9999558409452438,0.0826522101014852,0.6448611434698105,0.7648195518039065,0.0839762482345104,0.3340607656836509,0.8977514543533325,0.38661263628117737,4.82727685546875,581.380615234375,572.6112265625,218.4330556125641,1.0129671535491944,2.823571152657678e-05,0.0932640939131379,0.7561250412057854,0.9640928357839584,0.1684310136139392,0.232948606789112,0.6511432935949415,0.9717565774917604,0.0482449419796466,0.0,3.4345735376828337,23.17177584073315,442.2052509752039
phi-tiny,siqa,15,0.4838709677419355,0.04790419161676641,75.90741382029137,1.0744909374955802,0.7419354838709677,0.0114521424099802,12.640696084022522,12.949902347564697,4.332382194482022,0.030170216679573,0.838766731619835,0.754388221949339,0.345110497765243,0.2402456511855125,0.9944233503341676,2.469834828853607,1.2273049908140674,0.9999982130527496,0.0825088474415242,0.6461417881846427,0.7648919702821658,0.0806771799325943,0.3489665363430977,0.8952073076963425,0.38811873018508775,4.545296875,583.380615234375,575.1112265625,219.27352345848084,1.0012251034975053,2.7879422768819497e-05,0.092090207196772,0.7464771792904574,0.9698299267292024,0.1612396597713232,0.2456430102288723,0.6548989378814586,0.9744259119033812,0.0515829706564545,0.0,3.5528750003200686,23.12999103167285,442.4782726470738
phi-tiny,siqa,16,0.5161290322580645,0.04191616766467062,156.08347539854526,1.1531708673085885,0.5161290322580645,0.2044327030032873,12.65446679019928,12.93946461868286,4.32317721929762,0.0590383167266845,0.8456853797584772,0.7426863632798195,0.3472673342074267,0.4751658030152321,0.9950238953828812,2.305244894504547,1.1636546443691476,0.993641583800316,0.0825679379738867,0.6463531624674798,0.764900248274942,0.1608316914141178,0.3663813799023628,0.8924277228116989,0.39248681254545226,29.12430859375,583.380615234375,575.1112265625,219.21782973480225,1.1165961530208588,2.784130255713535e-05,0.0919637922868132,0.7455451210654136,0.9409611648321152,0.1543242195248604,0.2573338917791843,0.6527453984757885,0.9717212915420532,0.046463917940855,0.0,3.749753900294034,23.97964863507253,467.0887706144801
phi-tiny,siqa,17,0.5483870967741935,0.017964071856287255,177.2260415587116,1.173918900933627,0.4838709677419355,0.0197307205051183,14.157590023994446,14.317754844665528,4.807801598028047,0.0294894716739654,0.8565109665989876,0.7423061851859093,0.3455041469689458,0.228131145209074,0.9960305161476136,1.9749637062549592,0.9868489192882554,0.999966152191162,0.0833017523363232,0.672655615568161,0.7641801458233385,0.1002619241923093,0.4245036138296127,0.9063113317489624,0.4069371552322991,7.00705078125,586.380615234375,578.6112265625,224.77494340705871,1.014565164804459,2.498436310634133e-05,0.0825453511849045,0.6680169059127522,0.970510862827301,0.1434991250634193,0.257719345331192,0.6545092481067405,0.973225235939026,0.0305209998041391,0.0,3.7637278673783783,24.32629023857837,467.39950148564463
phi-tiny,siqa,18,0.5806451612903226,0.026946107784431097,84.2319023908974,1.0826600862860232,0.7096774193548387,0.0418748544603586,14.365964979171752,14.497676034927368,4.877364188503009,0.0445895781517028,0.8636703137308359,0.7326094891130924,0.3476301061636768,0.3331382228136063,0.9964858490228652,1.8783867666721343,0.9524861604925245,0.999999280333519,0.0832302239648997,0.6736572782993316,0.7637411301997199,0.1317361255139112,0.4437522634267807,0.9043662070035936,0.4123536313092336,9.635910522460938,589.380615234375,582.1112265625,225.92482250976562,1.006806447982788,2.462916433978535e-05,0.0813743711039424,0.6584531208971031,0.9554138798713684,0.1363340917676687,0.2674384472668171,0.6523794447393156,0.9725529551506042,0.0421754596754908,0.0,3.892752969040061,24.355798433411795,467.6595284983797
phi-tiny,siqa,19,0.6129032258064516,0.023952095808383148,18.299471686911147,1.0179579929420206,0.967741935483871,0.0320606962516903,14.453857527732849,14.49806551361084,4.871239846191835,0.0284952800273895,0.8763184246122837,0.7066147694587708,0.34588806832628327,0.2388215131163597,0.9973636945486068,1.613298138141632,0.8469599798759446,0.9999801708459854,0.0833458167240023,0.6738101317882538,0.7638605731802526,0.1375055257380008,0.4768402089476585,0.8951347124576569,0.42091470551351085,3.610375,589.380615234375,582.1112265625,224.14598061180112,1.0188056452274323,2.444509026645392e-05,0.080765522763133,0.6539138910321975,0.971504129767418,0.1236736575365066,0.2934992890357971,0.654114823980257,0.9747353196144104,0.037254087626934,0.0,3.851577603592063,24.6501008339648,468.4445609236663
phi-tiny,siqa,20,0.6451612903225806,0.0,-20.26871818944585,0.980109507836217,1.0,0.0413872609734535,14.72561217021942,14.699491473197938,4.969829419894842,0.0277239909172058,0.8817646827250719,0.6842624863982201,0.34957974184677004,0.2543837469816208,0.9976970194578172,1.4931222970485687,0.810139561034739,0.9999995161294936,0.0834625968895852,0.6751726529598236,0.7633861442796332,0.1397013008892536,0.5163901674747468,0.8909004445075989,0.4368177633238956,10.001910400390624,591.380615234375,584.6112265625,225.78266702270508,1.0089861435890195,2.399327991224709e-05,0.0792742136195302,0.6418486083065119,0.9722757922410964,0.1182298726290464,0.3158426507115364,0.6504248871682211,0.9740938544273376,0.0444987853989005,0.0,3.8583399214834535,24.554618196667366,469.963654572109
phi-tiny,siqa,21,0.6774193548387096,0.023952095808383148,43.33592280540324,1.0425272493758395,0.8387096774193549,0.0428821923136711,14.847133605003355,14.745717613220217,5.006659057084471,0.0233685004711151,0.8884399528205394,0.6732482079863549,0.3548342768368311,0.2091892868876457,0.9980872693061827,1.360806412935257,0.7671989119080826,0.9999427082538604,0.0835885533802211,0.6754286162853241,0.7635051322676081,0.1502713543474674,0.5489310685396195,0.8870285176038742,0.45097890827618536,8.4404140625,591.380615234375,584.6112265625,226.64734579849244,1.0086044797897338,2.3761480326356832e-05,0.0785082250013947,0.636047218835321,0.9766312189102172,0.111550141736865,0.3268817580342292,0.6451692153760232,0.980454683303833,0.0441055977717042,0.00390625,3.8976140876985945,25.0759712255226,470.8189062982235
phi-tiny,siqa,22,0.7096774193548387,0.04790419161676641,558.2176543653861,1.547800989488404,0.06451612903225806,0.058913690328598,14.967614288330076,14.814117831230163,5.062453533704858,0.0357445790767669,0.892572993054986,0.6605207095146179,0.3591960640954785,0.2650153243541717,0.9982222306728364,1.313838684797287,0.7564315258953721,0.9999992363452912,0.0840292088799178,0.6782066341638565,0.7634239580258,0.1907213386297226,0.5796998617649078,0.8868300566673278,0.46914686946570877,3.4490615234375,591.380615234375,588.1112265625,228.94067154312134,1.0073993542194366,2.354626437590923e-05,0.0778000849559903,0.6305688043054971,0.9642541513442994,0.1074121442884206,0.3396381562948227,0.6408061531954445,0.9740358591079712,0.0281765528488904,0.00390625,3.829143470188357,24.803373903598427,470.3353217142933
phi-tiny,siqa,23,0.7419354838709677,0.03892215568862267,111.52846870843132,1.1094472828596973,0.6129032258064516,0.0938752079308033,15.06984107017517,14.822331296920776,5.1066118999053725,0.0331556452512741,0.8959237833172083,0.6363565385937691,0.36744140646094453,0.3065591278672218,0.998428406715393,1.226417772293091,0.7420810823962093,0.9999988013505936,0.0841863622590899,0.6786023043394088,0.7635391818617137,0.1940920286774635,0.6402054222822189,0.8865768979787827,0.5032810555910692,14.635421875,591.380615234375,588.1112265625,229.5709354248047,1.0237748744487762,2.335929778018908e-05,0.0771824942529201,0.6258781176200054,0.9668431907892228,0.1040560534149408,0.363838425040245,0.6325602582111023,0.9788699150085448,0.0250955487135797,0.00390625,3.918930125686358,25.24695237177723,470.6610709136387
phi-tiny,siqa,24,0.7741935483870968,0.023952095808383148,190.93571233093732,1.187372741305486,0.45161290322580644,0.0876663817465305,15.40353395843506,15.018348154067994,5.277419580008835,0.0293459733724594,0.9030422618091106,0.6293925621509552,0.3756964146699756,0.2501558963358402,0.9987801541090012,1.1114131503105165,0.7159487524107099,0.9999987256526948,0.0843801902644336,0.6790000348091125,0.7637059739746037,0.2260679924190044,0.6949906256198883,0.8897368865013122,0.5382054492840543,6.359375,591.380615234375,588.6112265625,234.36295037269593,1.013026523351669,2.277861690890859e-05,0.0752656153365969,0.6112084020993356,0.9706510080099106,0.0969302647411823,0.3708475641608238,0.6243068759050221,0.9754140973091124,0.0305850985459983,0.00390625,3.8098802094189623,25.305799898111594,472.39530548059713
phi-tiny,siqa,25,0.8064516129032258,0.023952095808383148,109.53659999125055,1.1074925835669223,0.6451612903225806,0.0906508373618125,15.588667598724363,15.07957127571106,5.389426171949133,0.0282482507228851,0.9048720890134572,0.6090908259749412,0.3840484395218081,0.2323127516806125,0.9989132590293884,1.0503207559585572,0.7103502365732566,0.9999976224899292,0.0845372900739312,0.6793251848220825,0.763837741045827,0.2374406889677047,0.7492392514944076,0.8917041249275207,0.5756540597798303,3.3013671875,591.380615234375,588.6112265625,236.35980658912658,1.005529241323471,2.246248374103743e-05,0.0742208947092294,0.6032723212084561,0.9717488607168198,0.0950983218997716,0.3911679587960243,0.6159555673399009,0.9782858490943908,0.0253455522470176,0.00390625,3.829399342806834,25.301817763526486,473.49530101272296
phi-tiny,siqa,26,0.8387096774193549,0.014970059880239521,24.766652765268415,1.024304492674195,0.9354838709677419,2.429371599197388,15.668316116333008,15.011703254699707,5.45993632358592,0.0367819916009902,0.9087881600111722,0.5729370349645615,0.392082470159512,0.3058465780615806,0.9990260754823684,0.9978322821855544,0.7113130013300105,0.8783343328237534,0.0846593065448105,0.6798423916101456,0.763679295581991,0.3187138567566872,0.8122537375688553,0.8852793403863907,0.6230919868461787,357.823,589.380615234375,587.6112265625,236.776791431427,0.5726615735292435,2.232919582093018e-05,0.0737805194929242,0.5999265660108963,0.9632206130027772,0.0911825546920299,0.4273253289461136,0.6079213256635703,0.9776384234428406,0.0262906511779874,0.01171875,3.905307839501579,25.29889766225275,471.3508711850868
phi-tiny,siqa,27,0.8709677419354839,0.002994011976047734,311.8363983264194,1.3060173504471395,0.3225806451612903,4.087736622691154,9.124712047576905,8.367395502090455,5.413711002904922,0.0628600378036499,0.9163229980021717,0.5399203000664711,0.4091497463439591,0.3579622706770897,0.999205608010292,0.9372168233394624,0.7336922592613846,0.8765284024477005,0.0821115412153303,0.6950923652648926,0.6394275800977557,0.3931972621083259,0.8817616212368011,0.8694059658050537,0.7008974404968322,229.389,317.0500698242187,305.620046875,319.6940427837372,0.3683025518357753,3.996905621897895e-05,0.1322638819292187,1.0590892739944695,0.9371343841552734,0.0836312270462513,0.4604541966319084,0.590862002689857,0.9778466820716858,0.0199864865280687,0.0078125,4.108674222568296,25.131900922307427,471.5096094383384
phi-tiny,siqa,28,0.9032258064516129,0.002994011976047734,276.0442937478236,1.2708931472789013,0.3870967741935484,0.4060128091573715,3.107863130569458,2.357002220630646,7.578642813760787,0.0421442229747772,0.922784390360117,0.4606453796625137,0.45568620131211357,0.3184340414404869,0.9992680242061616,0.8705048061609268,0.8846771946549415,0.942528401017189,0.1542726988345384,0.8317661049365997,0.6116559192325512,0.3912180000543594,0.9460386490821838,0.8299802364110946,0.7956993345003576,46.200484375,126.8260244140625,112.751953125,412.7176916198731,1.2261951758861542,0.0001067691684875,0.3527794107794761,2.9752068975319395,0.9578504931926728,0.0771641778945922,0.5397900609970093,0.5443282221923582,0.9739614129066468,0.0213919656816869,0.11328125,4.562086352762186,25.39482545852661,471.5039207980318
phi-tiny,siqa,29,0.9354838709677419,0.04491017964071856,428.59635182521833,1.4205984955597513,0.16129032258064516,0.6840772533416748,3.819331896781921,2.670096444606781,7.610127768810838,0.0859415031671524,0.9249793363064528,0.4042431300878524,0.47883903273288153,0.4391131066679954,0.9993418892621994,0.8221247565746307,0.8766427905317395,0.918610668182373,0.1476024821773171,0.8371923941373826,0.6357826785165817,0.3794040126204491,1.0584060728549958,0.8294908802509308,0.897289907971397,79.52625,131.3799991760254,120.0230546875,400.17049922657014,0.9951562391519546,8.745257580449106e-05,0.2892114560008049,2.421699952283249,0.914048125743866,0.0749751570597291,0.5961691632270812,0.5211705520593095,0.9693143963813782,0.0204079137183725,0.2578125,4.517594812051305,25.41203513235416,469.0374749111679
phi-tiny,siqa,30,0.967741935483871,0.023952095808383148,513.9651221795868,1.504374235194315,0.12903225806451613,2.230599902391434,3.7879383339881896,2.230599902391434,9.747288030851633,0.3191744675636291,0.9462311989217996,0.3191744675636291,0.5599389832725283,0.746713203072548,0.9995999776124954,0.746713203072548,1.0178513686526567,0.8167389516830444,0.1687533329799771,0.8167389516830444,0.4664554102241527,0.7679396268129349,1.1315986881256104,0.7679396268129349,0.9884065692406148,92.6169453125,102.19622595214844,92.6169453125,454.2610631279945,0.2898892726898193,8.768570380925667e-05,0.2898892726898193,2.446824397629625,0.68135302901268,0.0537094227150082,0.68135302901268,0.4400706113956403,0.9725295901298524,0.0046805051388219,0.46484375,4.858777028209758,25.1866910592565,468.9539559562251
phi-tiny,siqa,31,1.0,0.008982035928143627,535.6128082072839,1.525617962857476,0.0967741935483871,0.0,1.089556391596794,0.0,9.484162208624186,0.0,0.9690310657024384,0.0,0.717400480860495,0.0,0.9996650043725968,0.0,1.639581123419106,1.0,0.2495673686563968,1.0,0.5926215190911899,0.0,0.8230864073038101,0.0,0.8412707006819546,0.0,22.324962646484376,0.0,451.56323741912837,1.0,0.0003031645633454,1.0,8.594291838019611,1.0,0.0310693476460874,1.0,0.2827396782120922,0.9422171711921692,0.0036597597645595,0.63671875,6.256827138504892,25.84102242397812,434.9167307007988
Qwen,csqa,0,0.0,1.0,46264.83443163449,3593.2113138325813,0.0,0.0429329442334751,0.0,34.06804300194193,2.871944558185073,0.3026562318462119,0.0,0.9795194573623772,0.6625284754055216,1.49501485623462,0.0,257.46666705657185,24.708698205940717,0.0857905029249816,1.0,0.1516784575998929,0.26352767684730083,0.0166699448699569,0.0,3.917815448806288,0.35094185525439814,66.46083512489763,0.0,255.3481248860277,316.24302588152227,39.53034591674805,1.0,29443.558177851148,2481.0152421105668,0.6974731269769254,1.0,0.0204501588278534,0.33764590211026874,0.9341896772384644,8.03125,0.0,8.30281737115648,36.47969060473972,982.9563407897948
Qwen,csqa,1,0.043478260869565216,0.9917127071823205,43187.3501508072,3354.2614940063445,0.043478260869565216,0.012661160192209,0.0429329442334751,34.08176079077568,2.8866356070486137,0.1539059383863313,0.3026562318462119,0.95894342501946,0.5663548170224314,0.7634310343048789,0.721684024628804,196.76286967009625,17.05443871137006,0.8258752554874749,0.0857905023025743,0.1326438460581425,0.8096825895119594,0.0182879034713533,0.0166699448699569,3.91730210080096,0.34911642416338134,36.393568284193286,66.46083512489763,255.34256562553983,305.82718093532566,1.4877132872496346,0.0256434835578993,755.4344110762263,63.633045093845546,0.8461224627631497,0.6974731269769254,0.0410471034467366,0.43366572296172134,0.9514458179473876,6.859375,0.0,6.435077879163954,40.526531828774345,1130.837432437473
Qwen,csqa,2,0.08695652173913043,0.16022099447513824,1.411695724643785,1.1096104507030726,0.6521739130434783,0.0013106641377551,0.0619417550858418,34.119224548339844,2.9032681342997915,0.1337453607747439,0.4301233443444523,0.9506139701795226,0.5300097688417266,0.6343557491446986,0.8284608215020388,148.7712038807162,12.72668882390449,0.9950246899758666,0.3698880869428414,0.1046072059264444,0.836428082719193,0.0201577691789975,0.0260577516769113,3.9168778336702266,0.34767432363596806,7.586762899262899,69.14833512489763,255.3353615900613,301.68416240961864,1.1273666547030137,0.0172158088344381,507.20426499775255,42.718400787883155,0.8662816090822024,0.570020714126387,0.0493257124431547,0.46999314387598173,0.9595420956611632,6.5,0.0,5.081106414397557,37.49532796608077,1253.669116973877
Qwen,csqa,3,0.13043478260869565,0.824585635359116,6.319817059241645,1.490699223729135,0.2608695652173913,0.0009205975857914,0.0697488156494354,34.12296554165527,2.903744567959451,0.1050013519036389,0.4932412515645336,0.948298737864383,0.4973970175655409,0.5360008252145422,0.8674071943242466,115.88053867799351,9.8917945833684,0.9996109490117316,0.4346372457091482,0.1013390556264616,0.8139978623084536,0.0220493109535233,0.0335543607220505,3.916296300294456,0.3464860915121961,1.6376177313677314,69.71083512489763,255.3053262446573,301.925620176673,0.9923720848452936,0.0152622203851373,449.6487282542886,37.86993965181433,0.8949944011799924,0.50695287190335,0.0516647729049394,0.5026098603964688,0.9580878615379332,5.265625,0.0,5.032588647471534,36.96492003732257,1251.9501249525283
Qwen,csqa,4,0.17391304347826086,0.5345303867403315,2.85584907212904,1.2217410582687733,0.4782608695652174,0.002857250325461,0.0691991363523145,34.110407273950976,2.8975954271645143,0.1238641546555565,0.5253890486011537,0.9447094248630638,0.47659239725563435,0.5867845844187568,0.8900473076822717,97.56550737485644,8.294873124460908,0.9949434290744552,0.4201856422482896,0.1044882001426989,0.8182434197318204,0.0281337552370593,0.0406613015675769,3.915461602706972,0.3454826113996367,9.5111076986077,69.4609375,255.3196575592816,301.558428361056,0.8175433981526006,0.0153878636728365,453.2734572951858,38.18128528985766,0.8761393205246703,0.4748470965318266,0.0552449223450419,0.5234048537759467,0.9585751295089722,2.71875,0.0,5.017275124788284,37.23411563038826,1258.0870679219563
Qwen,csqa,5,0.21739130434782608,0.2030386740331492,6.393599904799052,1.4964280580767366,0.21739130434782608,1.901380690758976,0.0562762234582703,34.08431567255344,2.871606132041949,0.1772597651321511,0.5523672468783326,0.9471683433854512,0.4600602336479094,0.8105607872903591,0.9078580068331288,80.19098195318898,6.824721960022887,0.9282247019683016,0.3723899153511998,0.11457241595365,0.8258183729375168,0.0546721402406204,0.0497362763177752,3.914682196360158,0.3450543776606068,390.5614570536446,62.71103987510237,255.29539865904613,300.9545145995494,30.569324457479443,0.0189095398931352,556.6626512182237,46.9197536336357,0.8227566980515026,0.4478572618756306,0.0528275781325587,0.5399489542845674,0.9653735756874084,1.4794921875,0.0,4.988636533419292,37.937043799294365,1256.4774640401204
Qwen,csqa,6,0.2608695652173913,0.9475138121546962,39.94933314406004,4.101847186165094,0.08695652173913043,0.0025563707369639,1.8756124498803144,36.28584333290144,2.2049962293773455,0.1208182224282273,0.6278008172299215,0.9371433562670058,0.43202922499524804,0.534595188159224,0.9345200268290844,65.20811523949875,5.459516312148999,0.9999990776169017,0.2814236854452466,0.1098754541745545,0.8760239727179328,0.0386506572463393,0.0766050108722933,3.9190969664380746,0.3410428267047561,0.8531319932992296,399.51557831135466,481.4641687141687,162.75181312467308,1.004823301289533,0.0006204975819837,18.302964922837017,1.539370015775266,0.8792016493991005,0.3723343496533518,0.0628380853252563,0.5680114773595097,0.9658080339431764,1.15625,0.0,5.348852879471249,37.59875124692917,1268.620780520969
Qwen,csqa,7,0.30434782608695654,0.11602209944751388,2.2379190817502543,1.173762174741691,0.5652173913043478,0.0031288136334526,1.884641646167277,36.27621319994977,2.2056282826460656,0.1115757568169577,0.6630142235687577,0.9312738785115936,0.428766685515874,0.5297943911134562,0.947638797965038,57.1084945016372,4.780307732947596,0.999998883669929,0.2816974564129754,0.1100399353092171,0.8760496272217079,0.0426363667456416,0.0861948806118223,3.917925202778184,0.3413192872224981,1.377060298935299,400.01557831135466,481.9641687141687,162.74277434373795,1.0067785843584405,0.0006175146511215,18.214842034792134,1.5319682909172216,0.8884288268339233,0.3370930781918994,0.0687127742553274,0.571257057227118,0.9599622488021852,1.025390625,0.0,4.575118432442348,36.52962440583441,1258.3347379896377
Qwen,csqa,8,0.34782608695652173,0.34806629834254144,2.7749223940806704,1.2154575444067315,0.5217391304347826,0.0033449698188079,1.897303422975501,36.2711076447458,2.2064244912709587,0.099245560794068,0.6792804954434691,0.9284616151304396,0.4178299850244212,0.4680296899743201,0.9556245961509504,48.46034364130144,4.061431381215806,0.9999991936043184,0.2821156599304892,0.110150715716055,0.8759985874474879,0.0448546807459394,0.0971027509256721,3.916801607677138,0.3420742870901627,0.6423071908911753,400.51557831135466,482.4641687141687,162.7882887173506,1.0045579411180952,0.0006133511483808,18.09183298653017,1.5216362554190896,0.9007753847955584,0.3207872199729072,0.071542605904162,0.5821940443465049,0.9631270170211792,0.9814453125,0.0,4.672923266887665,37.05200103256438,1248.0675290425618
Qwen,csqa,9,0.391304347826087,0.5704419889502762,0.4856560793918643,1.0377085379090893,0.8695652173913043,0.0048391663699725,1.905786089092664,36.26173961367596,2.205979954830451,0.1066939411448417,0.6867113181746074,0.9229643635824016,0.4117302808645169,0.5185905975899083,0.959410468688468,43.79246420083136,3.677198679572103,0.999998516132361,0.2823760533655012,0.1102777991465229,0.8759669654578307,0.0532384585897323,0.1043553329107216,3.915707716289648,0.3423316782633304,1.4855763078419328,401.01557831135466,482.9641687141687,162.9274200222839,1.0069990192252432,0.0006105637189838,18.009424033856217,1.514717193488116,0.8933217619697545,0.3135101312159711,0.0770309413070077,0.5882879191866679,0.9589924812316896,0.486328125,0.0,4.352019011974335,36.5764644742012,1220.299024793837
Qwen,csqa,10,0.43478260869565216,0.5966850828729282,0.2272382005026525,1.0176438032213606,0.9565217391304348,0.006099376052139,1.918964925503555,36.24653239332194,2.206908525356321,0.1047227713634106,0.7010502960474935,0.9161674337527188,0.4119496004230849,0.4915500517559286,0.9656050282848556,37.26712821566795,3.158342425159473,0.9999981714407994,0.2829000864187095,0.1104839682383775,0.8759122488482741,0.0600100824278363,0.1187466072692039,3.913501918755234,0.3453379606183821,1.0185058993652745,401.51557831135466,483.4641687141687,163.17860096007985,1.0052873256458403,0.0006063112087683,17.883688859525613,1.5041630420199477,0.8952837295458026,0.2992219161684644,0.0838087531055318,0.5880665483864428,0.9592257142066956,0.59033203125,0.0,4.209189191460609,36.76474431322681,1221.9653884039983
Qwen,csqa,11,0.4782608695652174,0.1837016574585636,0.933486615755056,1.0724801293168302,0.782608695652174,0.0079405991124854,1.9288759172011556,36.22603671537082,2.2057068560404605,0.1026042218485589,0.7108878130604263,0.9116702414469384,0.40799325311222373,0.4998944253339619,0.9697278347003664,33.023411081425,2.8174400008592477,0.9999976041471246,0.2831319569565056,0.1109037735208832,0.8759201475450378,0.068144297436258,0.1329061860168302,3.910789892968343,0.348391717741962,1.429058852886978,401.76557831135466,483.7141687141687,163.26564253323593,1.0054959817366167,0.0006031113471069,17.788914593783293,1.4962185710324223,0.8974049448674083,0.289320320476771,0.088301759954606,0.5920132596517115,0.9550759196281432,0.810546875,0.0,4.202864128682348,36.65523273415036,1215.681911892361
Qwen,csqa,12,0.5217391304347826,0.8715469613259669,0.3560370389193217,1.027644328463757,0.9130434782608695,0.0118569985267009,1.939040091270116,36.18603554365578,2.202712337150755,0.0928561296939459,0.7111142272835965,0.9023159582299056,0.40284757730567594,0.4810286457425351,0.9728398536386108,28.4708519013176,2.4612091114546737,0.9996516956939352,0.2832797002489697,0.111492637291636,0.8759578189517923,0.0783878859806802,0.1498631635569432,3.907376753317344,0.35279322644848693,10.75,401.76557831135466,483.7141687141687,163.41804456489513,1.0404741064043537,0.0005997996250042,17.690702961664723,1.487994935804367,0.9071629889962324,0.2891474734262596,0.0976773850638099,0.5971584594311458,0.9610253572463988,0.5732421875,0.0,4.224075597193506,36.98115877641572,1231.6629316541885
Qwen,csqa,13,0.5652173913043478,0.6657458563535912,1.9508918998024445,1.1514760841712386,0.6086956521739131,0.0142880375005066,2.0170936274001288,36.22318901105752,2.215240960049536,0.0993639676420538,0.7132132038242206,0.8916149994481987,0.3962486997003169,0.4966302751079141,0.9760776819214286,24.551088022267983,2.157459367482577,0.9999899715795368,0.2691519838146847,0.1135556296026677,0.8784214123417889,0.0910101871354769,0.1693727752646884,3.902606241630785,0.35833604679166564,1.8870186770577395,412.51557831135466,494.4641687141687,166.57066946735222,1.009256691448421,0.0005764520538221,17.00145605682448,1.4300624465643186,0.9006491160412288,0.2869665672747841,0.1083878640521754,0.6037690484771211,0.958987593650818,0.343505859375,0.0,4.123598489496443,36.791655480861664,1237.20945570204
Qwen,csqa,14,0.6086956521739131,0.2928176795580111,-0.3533303528109464,0.9725658309063336,1.0,0.0210337410822059,2.035223271395709,36.118223757357214,2.210485142360708,0.10171052396151,0.7352423973131336,0.8691538262511257,0.39697871715417204,0.523775848939124,0.9807059496860832,21.187976646579557,1.9026874031728163,0.9999912581318816,0.2687417377369214,0.1146649815917112,0.8785656392991282,0.1092212624866195,0.1971318089966887,3.892644862675647,0.36718691597328323,3.345735117219492,412.76557831135466,494.7141687141687,166.61723424279884,1.0155169751974131,0.00057113484559,16.84337719301041,1.4168484335029252,0.8982853808918515,0.2650436007102721,0.1308522051921836,0.6030405932120062,0.9570233225822448,0.236083984375,0.0,4.079868513676855,36.312517975767456,1234.771885342068
Qwen,csqa,15,0.6521739130434783,0.04005524861878461,3.103523243999307,1.2409716028771454,0.43478260869565216,0.0274514244468142,2.0659435460257005,35.97208325185315,2.2086351286793935,0.0824830865488981,0.7514814180028331,0.8447697124185375,0.401087765565888,0.4730736095089096,0.9847672156971268,17.505764002882,1.6380362387837086,0.9999566198274016,0.268674404136867,0.1162410823904423,0.8787232058780248,0.1183346056247421,0.2330336429538734,3.879219852833353,0.3811985900907297,8.75,412.76557831135466,494.7141687141687,166.58660342554688,1.0538758623316873,0.0005623633409053,16.582922027113007,1.3950607303760814,0.9175185796474452,0.2487625623462045,0.1552288766331012,0.5989263068621207,0.9650484323501588,0.1654052734375,0.0,4.174645569589403,36.4753664980332,1264.100676642524
Qwen,csqa,16,0.6956521739130435,0.0,9.909707599315231,1.7694345866002326,0.17391304347826086,0.2753210710537033,2.176179394284591,35.92214905834901,2.2362195548362833,0.0693702610372813,0.7558640162418554,0.8319710060453728,0.40511578462718933,0.423726713554865,0.9872585976836528,14.688029013531407,1.443888636569841,0.8811429438290296,0.2647109213029625,0.11830775550186,0.8794110175051809,0.1309621823824985,0.2670033051770403,3.866254955115228,0.39656018787156455,151.7220515970516,421.51557831135466,503.4641687141687,172.47762776176168,0.9519877390818552,0.0005335739385554,15.732175795002906,1.3236114800659446,0.9306318727699486,0.244469465216489,0.1680438151059826,0.5949050177360594,0.9641246199607848,0.18505859375,0.0,4.189520516329342,36.24011454151736,1263.169587029351
Qwen,csqa,17,0.7391304347826086,0.18784530386740342,3.743221526594853,1.2906406752170592,0.34782608695652173,0.0410836181656002,2.070403478362344,35.805038605236206,2.254588570860333,0.0693134908105973,0.7648310713061146,0.80644153773687,0.4115971105705632,0.4138891715480107,0.9887388960247055,12.803521982672564,1.3445219195120128,0.9997500478000938,0.0699625114843945,0.1456990657613767,0.8177786927272083,0.1452196591047846,0.2994945243086412,3.8436732143773886,0.4139688682744705,18.44970823095823,444.5151688109452,526.4637592137592,210.78727645519947,1.0334070797927255,0.0005604124477935,16.520191604245596,1.3901383825100637,0.9306901976478384,0.2354628491679925,0.193546675920584,0.5884228646297567,0.964406967163086,0.1365966796875,0.078125,4.248596436447567,35.61204577154584,1237.1760694715713
Qwen,csqa,18,0.782608695652174,0.022099447513812272,0.8697437819801017,1.0675308469628535,0.8260869565217391,0.0506197840683192,2.138084164610854,35.46848053115982,2.285427488723641,0.0653474390457928,0.7904595318605039,0.7622607126282825,0.42918031141029706,0.4077913097237877,0.991077020800963,11.184335710961344,1.249315326810168,0.9998940546721538,0.0712666101296059,0.1505786066876387,0.8125895677106936,0.1639239063988349,0.3486871270494906,3.8108798055547264,0.4418718969805861,10.761030917280918,444.7651688109452,526.7137592137592,211.49651623475174,1.039459963981291,0.0005422285974867,15.980700941187353,1.3449834383967045,0.93465296568976,0.2097488640518485,0.2377022862141489,0.5708270071075892,0.9693440198898317,0.09112548828125,0.34375,4.369614203770955,35.628412407305504,1255.1039581298828
Qwen,csqa,19,0.8260869565217391,0.006906077348066298,0.944960676739683,1.07337102738641,0.7391304347826086,0.0604278510047411,2.2211504887597275,35.00448127265449,2.32394099376873,0.0621805815399913,0.8041440685150762,0.7154502194743972,0.4503771472867724,0.3864188145214568,0.9926815490367272,9.6616227691238,1.1710606039438927,0.9998755927558418,0.073697713318904,0.1557316236033193,0.81119627200363,0.1813581752713638,0.40694884024713,3.769639667187628,0.47957319964599066,4.59496090550778,443.7651688109452,525.7137592137592,211.4604074830668,1.0380185331896032,0.0005215747681592,15.36755878236038,1.2936917002462658,0.9378196257826348,0.1960243857561028,0.2845038815808042,0.5496252417597953,0.9681429862976074,0.0599365234375,0.296875,4.39572213921282,35.47734251783954,1257.031566619873
Qwen,csqa,20,0.8695652173913043,0.08563535911602213,1.0450404907423358,1.0811416774830365,0.6956521739130435,0.1147137811677461,2.304761306757228,34.49511248551852,2.3703604348335916,0.0596186830116821,0.8184185645235649,0.673918199065667,0.46944618070258604,0.3844155266478255,0.9939082794556552,8.463073795296733,1.1196258739511595,0.9981803724162408,0.0743822520758947,0.1627839580239281,0.8098746871457742,0.2038107789827115,0.4658109837140732,3.7218991470180702,0.5218489622377386,52.91646191646192,441.7651688109452,523.7137592137592,211.72608527022896,0.8607223105664921,0.0005024227532369,14.799116254145742,1.2461316858403593,0.9403962002827632,0.1817455963703768,0.3260316940041275,0.5305544600361582,0.9700210690498352,0.033843994140625,0.359375,4.188185185194016,35.41770598457919,1273.7936176723904
Qwen,csqa,21,0.9130434782608695,0.0055248618784531165,4.328940524894739,1.3361185514110971,0.30434782608695654,0.2091712461178855,1.9808691345600689,33.31647516917636,2.341012885948374,0.0987122264872995,0.8353370804336596,0.6268645466643216,0.4971021108457439,0.5790358547984724,0.9950006875124844,7.391269233947304,1.0903570184389035,0.9984491806748848,0.0754903045335722,0.185177855407186,0.7930349847144206,0.3084193976271064,0.5296968983197974,3.660558059115961,0.5765804222991134,21.19638423935299,388.84870689448326,470.7972972972973,205.9673391972739,1.1100812183844078,0.0005836839881385,17.182535981468057,1.4475529231508064,0.9012978242910076,0.1647328101983332,0.3730644232225066,0.5029143615672327,0.97117817401886,0.02508544921875,0.546875,4.357400071289804,35.41320649617248,1286.081206003825
Qwen,csqa,22,0.9565217391304348,0.008287292817679676,3.4240479819175658,1.2658585954290067,0.391304347826087,31.66726292946805,2.198594565473552,31.66726292946805,2.5718498336649067,0.5535339025763778,0.868536286306225,0.5535339025763778,0.5440997807972628,5.550367959496626,0.9968251183226302,5.550367959496626,1.0488847369003207,0.2185499472856326,0.0770913485520009,0.2185499472856326,0.7851254520518286,3.533682808731541,0.6551556039500881,3.533682808731541,0.6911798029102704,449.6103603603604,367.6617699575463,449.6103603603604,204.159968349864,15.469089083159975,0.0005258862429497,15.469089083159975,1.3040157255463258,0.4464092151880459,0.1315292302064481,0.4464092151880459,0.45591626049395945,0.9657707810401917,0.012298583984375,0.234375,5.034863312211302,35.27528503123257,1283.0901217990452
Qwen,csqa,23,1.0,0.03867403314917142,30.91240930253093,3.4001794840196524,0.13043478260869565,0.0,34.06804300194193,0.0,33.68053005602788,0.0,0.9795194573623772,0.0,0.8231345361626837,0.0,0.9999087622280888,0.0,0.9626258650386298,1.0,0.151678457416832,1.0,0.16516016577486145,0.0,3.917815448806288,0.0,3.699195589795973,0.0,255.3481248860277,0.0,413.41937437221515,1.0,3.4076022553007554e-05,1.0,0.08445018241001591,1.0,0.0204501588278534,1.0,0.17684347875540193,0.9637451767921448,0.0070648193359375,0.921875,6.34536239835951,33.08190737830268,1288.5255067613389
Qwen,siqa,0,0.0,1.0,292495.24520556163,6307.56516970442,0.0,0.0429353514946997,0.0,34.32777639770508,2.745941417463279,0.2967737067937851,0.0,0.9806467718658968,0.6606891086829128,1.5608794786930085,0.0,255.80658251953125,24.645435583859683,0.0923839858621358,1.0,0.1609028330147266,0.2608593805097043,0.0169621673338115,0.0,3.904084029197693,0.3569954757158023,66.4609375,0.0,255.19856591796875,316.3658694864909,40.86030881500244,1.0,30802.94688671875,2462.991370306651,0.703318932056427,1.0,0.0193571686828509,0.3394634707890218,0.9341896772384644,5.875,0.0625,8.30281737115648,36.47969060473972,982.9563407897948
Qwen,siqa,1,0.043478260869565216,0.9733727810650888,4685.759014911726,102.03085462569734,0.043478260869565216,0.0114506836626678,0.0429353514946997,34.343075744628905,2.760415397484399,0.1499190183877945,0.2967737067937851,0.9573532557338476,0.5625333807698141,0.7482626008987426,0.7099758185148239,190.638741607666,16.75492692953845,0.8397151514291763,0.0923839856982231,0.11475237198174,0.7526621317596485,0.01829846027866,0.0169621673338115,3.903642441749573,0.3551871530270824,36.343390625,66.4609375,255.19300604248048,305.9532580642701,1.4767579653263092,0.0252017117384821,777.6219764404296,62.111126910084,0.8501052521467208,0.703318932056427,0.0426364861652255,0.4375053633671875,0.9514458179473876,4.48046875,0.0625,6.435077879163954,40.526531828774345,1130.837432437473
Qwen,siqa,2,0.08695652173913043,0.2189349112426037,17.03586062610166,1.3673145701394422,0.43478260869565216,0.0012262425415683,0.0615921487137675,34.37700932312012,2.7761101783078828,0.1256179808378219,0.419658992767334,0.9496533406004308,0.5274840340809896,0.6110846592187882,0.818071779370308,144.14490496826173,12.512072797556717,0.9953472660779952,0.3481949736475944,0.0916999378278851,0.7798491851119325,0.0198404784314334,0.0262604391388595,3.903266870498657,0.35377557964219397,7.62975,69.1484375,255.1860203552246,301.84712540054323,1.1227116239070891,0.0170279134996235,525.32441796875,41.95925288373434,0.8744051532745362,0.5804531466960907,0.0502946210876107,0.4725340639380738,0.9595420956611632,3.7109375,0.0625,5.081106414397557,37.49532796608077,1253.669116973877
Qwen,siqa,3,0.13043478260869565,0.4674556213017752,4.858731974954374,1.1047603690810142,0.8260869565217391,0.0009815285548102,0.0689941291287541,34.38046101379395,2.7765753834288915,0.1085154769420623,0.4779958199262619,0.9475429097786546,0.49600808821028713,0.5513376073837281,0.8586852020025253,113.66630715942382,9.845749599203467,0.9994503252506256,0.4080625602006912,0.0892631090283393,0.761564951573809,0.022855852458626,0.0333893785364925,3.90274743270874,0.3526228224518709,1.74753125,69.7109375,255.15597009277343,302.0611543528239,1.0029988039731978,0.0151482886951416,467.3102623901367,37.325221301112244,0.8914852658510208,0.522108724474907,0.0524260297492146,0.5040207856673126,0.9580878615379332,3.3359375,0.0625,5.032588647471534,36.96492003732257,1251.9501249525283
Qwen,siqa,4,0.17391304347826086,0.28994082840236696,8.625497835373395,1.1859765760694572,0.5217391304347826,0.0028947153869085,0.0692685876339674,34.36826773834228,2.7712002476172244,0.1268994117975235,0.5116684824824334,0.9437748616859316,0.477072740617829,0.5912154327630996,0.8845884442329407,94.12763594055176,8.124304426784317,0.991092515707016,0.3928128804564476,0.0920204276144504,0.7613493033759297,0.029164573661983,0.0412538512274622,3.901903199672699,0.35173914273455736,9.6053125,69.4609375,255.17056048583984,301.69332153065994,0.8578156188726426,0.0151237886883318,466.4886813354492,37.265742092891436,0.8731037456989288,0.4884529206156731,0.0561773345395922,0.522947435572433,0.9585751295089722,1.8994140625,0.0625,5.017275124788284,37.23411563038826,1258.0870679219563
Qwen,siqa,5,0.21739130434782608,0.10059171597633151,41.562288696395406,1.8961351904427572,0.17391304347826086,1.6980433332920075,0.0597239033132791,34.345192123413085,2.7491254249724637,0.1787937023639678,0.5452930048704148,0.944335739351809,0.4625870536382621,0.7904251334667206,0.9056455891132354,77.4901633758545,6.69597922194004,0.8082453571557998,0.3400446740090847,0.0998487384468317,0.7459278492002438,0.0538883455693721,0.0506360947787761,3.901073435306549,0.35137361921866733,390.73196875,62.7109375,255.14624353027344,301.1304491526286,26.62738579750061,0.0178528052307665,550.3769150390625,43.99771968200694,0.8212201112508773,0.4548495506048202,0.0556354113295674,0.5374435223604862,0.9653735756874084,1.7548828125,0.0625,4.988636533419292,37.937043799294365,1256.4774640401204
Qwen,siqa,6,0.2608695652173913,0.8017751479289942,397.9458666181406,9.580213124757101,0.08695652173913043,0.0027179593858309,1.6668548667430878,36.27513852691651,2.151238137734375,0.1255284299850463,0.6213454577326775,0.934288044922054,0.4368938092685615,0.5481202166080474,0.9331754482984544,64.04643881988525,5.462157167876761,0.9999989362955092,0.2825384263992309,0.0982148987054824,0.8565976116557916,0.0401496948823332,0.0755242743790149,3.9045938086509695,0.34758430591691275,0.8649365234375,399.6860361328125,479.8335,162.79497659301757,1.005044167280197,0.0006735374155687,20.788777185440065,1.6582655718404615,0.8744922664165496,0.3787853342294693,0.0656765559539198,0.56314786553476,0.9658080339431764,1.443359375,0.0,5.348852879471249,37.59875124692917,1268.620780520969
Qwen,siqa,7,0.30434782608695654,0.1124260355029587,7.789750465157837,1.1679568121858792,0.5652173913043478,0.0033865041672252,1.6752369561195373,36.26471406555176,2.151642210436286,0.1148605433702468,0.6586969808340073,0.928710937216878,0.43494177216353513,0.5392961261272431,0.9472601252794266,55.71624839019776,4.754949684277178,0.99999869287014,0.2828099963665008,0.0984043820053339,0.8566501095052809,0.0442852528765797,0.0857125060409307,3.9032804617881776,0.34786909140211836,1.3811337890625,400.1860361328125,480.3335,162.78800750986736,1.0071927568912509,0.0006701500641647,20.6840297870636,1.6499236268230504,0.8851537231206894,0.341421870470047,0.071264731042087,0.5650872912180299,0.9599622488021852,0.87646484375,0.0,4.575118432442348,36.52962440583441,1258.3347379896377
Qwen,siqa,8,0.34782608695652173,0.17751479289940827,2.689881337718269,1.0579972229742398,0.8695652173913043,0.0034844112829305,1.6871369683742523,36.25756820678711,2.1518248649247305,0.0992577799558639,0.6755084833502769,0.9258986987620592,0.42300548226696755,0.4676046600937843,0.9554581899642944,47.23813345336914,4.036342538634936,0.9999988442659378,0.283250491797924,0.0985620176196098,0.8566158502002558,0.0460345414578914,0.0972129256874322,3.9020447974205017,0.34864027462713415,0.6434288330078125,400.6860361328125,480.8335,162.84064925638833,1.0047653336524964,0.0006653534610522,20.53568857383728,1.6381114086345334,0.9007580347061156,0.3246007606387138,0.0740844844579696,0.5770175111318627,0.9631270170211792,0.635498046875,0.0,4.672923266887665,37.05200103256438,1248.0675290425618
Qwen,siqa,9,0.391304347826087,0.3106508875739646,1.2479365303118757,1.0269070803203504,0.9130434782608695,0.0050642500435933,1.695013084888458,36.24829418945313,2.151161834334586,0.1072959148883819,0.6830528673529624,0.9214755956083536,0.41662719035707413,0.5163776080608368,0.9593771115541458,42.93931279754639,3.6735824380939213,0.9999983369112014,0.2835341501832008,0.0987304979562759,0.8565876815939942,0.0546084141507744,0.1044449556171894,3.900925998687744,0.3488672279470289,1.54787109375,401.1860361328125,481.3335,162.97369672139484,1.0075135004520417,0.0006621905926149,20.43785535430908,1.630321778353876,0.8927205513715744,0.317135797560215,0.078498891711235,0.5833913225208719,0.9589924812316896,0.39068603515625,0.0,4.352019011974335,36.5764644742012,1220.299024793837
Qwen,siqa,10,0.43478260869565216,0.06804733727810662,-0.5475829406436787,0.9881934234569838,1.0,0.0063072000117972,1.7075628385543824,36.228294471740725,2.1513833178118418,0.104324522614479,0.6975676913261414,0.913022775620222,0.4157925437825421,0.4935793294906616,0.9655344656705857,36.85597967529297,3.1796424086416764,0.9999978704452516,0.2840657838582993,0.0989587947130203,0.856543775955836,0.0611579738184809,0.1190600513666868,3.898440062522888,0.35179004094190897,1.143548828125,401.6860361328125,481.8335,163.23232845052084,1.0059342634677888,0.0006572376384865,20.28456700706482,1.6181229322186652,0.8956911979913712,0.3026796936392784,0.0869531306177377,0.5842321462860952,0.9592257142066956,0.3492431640625,0.015625,4.209189191460609,36.76474431322681,1221.9653884039983
Qwen,siqa,11,0.4782608695652174,0.12130177514792913,4.923442434147447,1.1061556079259254,0.782608695652174,0.0086125083472579,1.7174251329898835,36.20834523773193,2.1499988387739672,0.1059307404756546,0.7062441276311875,0.9093465695977212,0.4116570565849543,0.5107841047048569,0.9696088129281998,32.49674991226196,2.8237266954556106,0.9999968515634536,0.284319667160511,0.0994115798920393,0.856552609435593,0.071235104650259,0.133335161074996,3.895949371814728,0.3549778730034207,1.4386533203125,401.9360361328125,482.0835,163.31472351074217,1.0066270654201508,0.0006533436459721,20.163872301101684,1.6085292902468595,0.8940814325809479,0.2939632521271705,0.090625116482377,0.5883640274436523,0.9550759196281432,0.19921875,0.015625,4.202864128682348,36.65523273415036,1215.681911892361
Qwen,siqa,12,0.5217391304347826,0.2869822485207101,5.341681573827202,1.1151733695276833,0.6956521739130435,0.0124991151038557,1.7283387312889098,36.16271263122559,2.1467841940352224,0.0974869657754898,0.7097285086512566,0.8985451367795467,0.407385034845521,0.4887034522891044,0.97324299120903,27.92685778427124,2.4601751891275243,0.999650557398796,0.2844900909662247,0.1000632904022932,0.8566089857189606,0.081976425409317,0.1519738684296608,3.8921088209152224,0.35985728189038735,10.75,401.9360361328125,482.0835,163.48485778045654,1.0414087626934052,0.0006490142145194,20.02946984863281,1.5978630512081438,0.9025239106416704,0.2905364293456077,0.101422206684947,0.5926344615040967,0.9610253572463988,0.17901611328125,0.015625,4.224075597193506,36.98115877641572,1231.6629316541885
Qwen,siqa,13,0.5652173913043478,0.3727810650887575,22.12573590397593,1.4770586793916194,0.34782608695652173,0.0167633276358246,1.7995030517578126,36.179375480651856,2.157145434110658,0.1078995867967605,0.7159048019647598,0.8854238357692957,0.40245818142654993,0.5269873994588852,0.9767242856025696,24.222906841278075,2.168328132716318,0.9999910494089128,0.2704437762498856,0.1020162707865238,0.8591123760702709,0.0986456981450319,0.1730407666862011,3.886689468383789,0.365926159740736,1.91943359375,412.6860361328125,492.8335,166.6045684814453,1.012373063802719,0.0006231820248067,19.23146391105652,1.5342552723223344,0.8921112862825393,0.2842857638001442,0.1145440489351749,0.5975653086739282,0.958987593650818,0.0927734375,0.0,4.123598489496443,36.791655480861664,1237.20945570204
Qwen,siqa,14,0.6086956521739131,0.14792899408284033,0.8528991882139536,1.0183895786404291,0.9565217391304348,0.0227675487101078,1.8211458566188807,36.04892825317383,2.1518459551331275,0.1038347204923629,0.7388139093220234,0.8578169132620096,0.40308868257390956,0.5256120343208313,0.9816352834701538,20.52145051574707,1.8834512688691418,0.9999890333414078,0.2701282887458801,0.1034417503774166,0.8592914118977882,0.1144692141860723,0.2046569440960884,3.875010170936585,0.3762602956717213,3.33910546875,412.9360361328125,493.0835,166.6528076578776,1.0182033443450929,0.0006155123593052,18.99318124198913,1.5153564675903326,0.8961593453884125,0.2614416378140449,0.1421473188698291,0.5969352068491279,0.9570233225822448,0.094970703125,0.0,4.079868513676855,36.312517975767456,1234.771885342068
Qwen,siqa,15,0.6521739130434783,0.07396449704142022,19.401280702169156,1.4183160004463278,0.391304347826087,0.0307067785747349,1.853385768413544,35.88482386016846,2.149809435025634,0.0900492250919342,0.7536865197420121,0.8310214799046517,0.4066319534257054,0.4904905288815498,0.9852798097133636,17.042836757659913,1.629227234378457,0.999952420592308,0.2700927011966705,0.1052249332219362,0.8594902587613711,0.127892930984497,0.2420172603428363,3.860165838718414,0.39074458359864844,8.75,412.9360361328125,493.0835,166.61999068196613,1.0571261103153229,0.0006044365363195,18.64910579109192,1.4880628908939737,0.9099556702375412,0.2465330291092395,0.1689440866708755,0.5933897406620284,0.9650484323501588,0.0448760986328125,0.0,4.174645569589403,36.4753664980332,1264.100676642524
Qwen,siqa,16,0.6956521739130435,0.04437869822485207,24.657121245064907,1.5316385294400965,0.30434782608695654,0.2531818270385265,1.958169585943222,35.7844711227417,2.173867341982356,0.0770271615982055,0.7585054723620415,0.8120591749548912,0.41049031621466076,0.4469615317583084,0.9876599088907242,14.313302852630615,1.437886150126656,0.8813257075548172,0.2661818227767944,0.1076005202680826,0.8602402340800813,0.1416261530518532,0.2792830097675323,3.8440624189376833,0.40746688036993145,151.89575,421.6860361328125,501.8335,172.49666182454425,0.958690827012062,0.0005717073383275,17.637082599639893,1.4074634946103615,0.9229750825166704,0.2417785868644714,0.1879063547253608,0.5895341313059131,0.9641246199607848,0.0242538452148437,0.015625,4.189520516329342,36.24011454151736,1263.169587029351
Qwen,siqa,17,0.7391304347826086,0.020710059171597715,37.20554323411417,1.8021982816004245,0.21739130434782608,0.045553648635745,1.8758968062400816,35.614263275146484,2.1922354767086603,0.0713684898614883,0.770034011542797,0.783342537432909,0.41763902258748803,0.4255477193593979,0.989280324459076,12.36770771598816,1.3292415293976665,0.9997394688129424,0.0716353708207607,0.1324446677118539,0.8015607398369659,0.1544972893297672,0.3172008058428764,3.8183177332878113,0.4272680536322295,18.422375,444.6855361328125,524.833,210.85537520345054,1.042129144191742,0.0005962242097593,18.38908441543579,1.4677753551867208,0.9286361236572266,0.2302123254537582,0.2166125093698501,0.5823833784386515,0.964406967163086,0.0559616088867187,0.109375,4.248596436447567,35.61204577154584,1237.1760694715713
Qwen,siqa,18,0.782608695652174,0.023668639053254562,5.490595486648914,1.1183841406813333,0.6086956521739131,0.0553961549475789,1.953338216781616,35.23396965026856,2.224807560166034,0.0670119534730911,0.7922897475659847,0.7385606543123722,0.4331912341937423,0.4090358488559723,0.9914606353044508,10.696671813964844,1.228622501693666,0.9998696427345276,0.0730638165622949,0.137912935629487,0.7966093973654012,0.1736176649928092,0.3697193615436554,3.782189270496368,0.4566443494334817,10.7739375,444.9355361328125,525.083,211.57390905761721,1.0452918801307678,0.000572007580311,17.637803430557252,1.408127110929951,0.9329887033700944,0.2079011766016483,0.2613736809790134,0.5668226796214779,0.9693440198898317,0.0128231048583984,0.203125,4.369614203770955,35.628412407305504,1255.1039581298828
Qwen,siqa,19,0.8260869565217391,0.0,5.047471468017747,1.1088298298076822,0.7391304347826086,0.0592583371028304,2.0406633694171905,34.71280179595947,2.2628812799869724,0.0577132278680801,0.8092218717336654,0.6881231730580329,0.45503990383694565,0.3702287449240684,0.9930638397932052,9.2976865234375,1.1565177383720873,0.999871121287346,0.0758094027638435,0.1437602787613868,0.7953355210945011,0.1804745010137558,0.4297397812008858,3.7350706915855407,0.4950240295603871,4.72069921875,443.9355361328125,524.083,211.54246813964843,1.0428080997467042,0.0005471255909651,16.865586786270143,1.3468235848959689,0.9422913501262664,0.1909204848110675,0.3118095477223396,0.5449685028282304,0.9681429862976074,0.0176315307617187,0.203125,4.39572213921282,35.47734251783954,1257.031566619873
Qwen,siqa,20,0.8695652173913043,0.029585798816568042,5.342372144337233,1.1151882590959656,0.6521739130434783,0.1141031800508499,2.127153495073318,34.207130882263186,2.3102681219953425,0.0600382814407348,0.822831395149231,0.6497463682293891,0.47353488447144626,0.3836906186938286,0.9941730850934982,8.211475031852721,1.1098980226144195,0.9980818734169008,0.0766456477940082,0.1509877197146415,0.7940434523833294,0.2091459433436393,0.4865856759548187,3.688800845623017,0.5358640707309048,52.816,441.9355361328125,522.083,211.80937438964847,0.8753238784074784,0.0005245914548868,16.16597200393677,1.291299335918918,0.9399783368110656,0.1773031894862652,0.3501936355233192,0.5264684146791696,0.9700210690498352,0.0110206604003906,0.1875,4.188185185194016,35.41770598457919,1273.7936176723904
Qwen,siqa,21,0.9130434782608695,0.011834319526627385,13.821579659116004,1.298010631958193,0.4782608695652174,0.2174716528356075,1.8589708318710327,33.065469974517825,2.29451835887755,0.1008517199754715,0.8395024501979351,0.6036512563228608,0.5009711302655439,0.579095168709755,0.9952082135677338,7.197632323265076,1.0825247719710072,0.9981859061717988,0.0783933709263801,0.1745850784778595,0.7777673406327764,0.3151009147763252,0.5506537871360779,3.625313663482666,0.5905969513605037,21.189375,389.1195361328125,469.267,206.06306465657553,1.1334422075748445,0.0005992379297968,18.45335586929321,1.474915254623464,0.8991586207151413,0.1605542702078819,0.3962817240953445,0.49904877169554435,0.97117817401886,0.0094966888427734,0.25,4.357400071289804,35.41320649617248,1286.081206003825
Qwen,siqa,22,0.9565217391304348,0.023668639053254562,25.05104696236805,1.5401320630920672,0.2608695652173913,31.39166763687134,2.10650794005394,31.39166763687134,2.5355441836801664,0.5324362369179726,0.8715675332248211,0.5324362369179726,0.5488839387136201,5.432588390350341,0.9969510740041732,5.432588390350341,1.043950721633931,0.211111734688282,0.0808204135149717,0.211111734688282,0.7698525072727351,3.4956952857971197,0.6751443217992783,3.4956952857971197,0.7047299077336987,448.0795,367.9320361328125,448.0795,204.2540503336589,16.2692188205719,0.0005287425012793,16.2692188205719,1.3012952435639744,0.4675114881396293,0.1285292536467313,0.4675114881396293,0.4511241625888894,0.9657707810401917,0.0072765350341796,0.296875,5.034863312211302,35.27528503123257,1283.0901217990452
Qwen,siqa,23,1.0,0.0029585798816568463,303.8359409208439,7.551084825222072,0.13043478260869565,0.0,34.32777639770508,0.0,33.66290631675721,0.0,0.9806467718658968,0.0,0.8140323444869911,0.0,0.9999122599363328,0.0,0.959977477212747,1.0,0.1609028330147266,1.0,0.1545799489608034,0.0,3.904084029197693,0.0,3.680224004924297,0.0,255.19856591796875,0.0,412.2353069343567,1.0,3.257453088008333e-05,1.0,0.08013447630930563,1.0,0.0193571686828509,1.0,0.18593235681396128,0.9637451767921448,0.002960205078125,0.125,6.34536239835951,33.08190737830268,1288.5255067613389
Qwen,copa,0,0.0,0.33676092544987146,15597.102759181684,394.0720577775875,0.043478260869565216,0.0478987656533718,0.0,13.565077781677246,1.315052036351214,0.2754737138748169,3.5762786865234375e-07,1.1495342403650284,0.7947582757721344,11.622825478317372,0.0,195.5963542252977,49.056916878356446,0.5248615589295902,1.0,0.0222806915488151,0.15373039558492876,0.0113370697945356,0.0,1.656290054321289,0.1711425617104396,9.36328125,0.0,96.50360107421876,34.4073829650879,0.0065815474954793,0.9999971805898246,2.619157554027036e-05,0.043207809372060195,0.7244732975959778,1.0,-0.1492671817541122,0.20515577619274458,0.9341896772384644,0.905005859375,5.40475,8.30281737115648,36.47969060473972,982.9563407897948
Qwen,copa,1,0.043478260869565216,0.31362467866323906,17664.489767754312,446.1735331752484,0.0,0.0001513140596216,0.0478987656533718,13.914974212646484,1.3326883760085668,0.0003474950790405,0.2754737138748169,1.1856031268835068,0.7131158784710957,0.0529950762151051,0.9428833910289596,16.07078600109369,3.862099702024499,0.9993045347555132,0.5248615589295902,0.0343306589679672,0.24224572125911323,0.0045362436212599,0.0113370697945356,1.6616939306259155,0.1719307575840503,0.4375,9.36328125,96.50343322753906,32.4394334157308,0.9146509669521128,151.9395191967545,0.0039795466145683,6.564992290941923,0.9996522068977356,0.7244732975959778,-0.1852853447198867,0.2867961062001996,0.9514458179473876,0.591916015625,5.7678125,6.435077879163954,40.526531828774345,1130.837432437473
Qwen,copa,2,0.08695652173913043,0.02313624678663241,13.976939408098415,1.3522413373432276,0.34782608695652173,5.6751840020297095e-05,0.0526453405618667,13.932442665100098,1.335867503125428,0.0003483295440673,0.2762908339500427,1.184469252824783,0.7128955417817148,0.0310392645668268,0.9453691798651092,15.379249666072711,3.697441087213427,0.9993022705680374,0.5236774868653846,0.0339091353778384,0.24271439568494077,0.0042268643155694,0.0131779592484235,1.6618001461029053,0.17161237202041468,0.171875,9.80078125,96.49600219726562,32.4332644144694,0.9687912193825544,166.1174831797157,0.0043508908762071,7.177592783173708,0.9996510744094848,0.723655641078949,-0.1841443330049514,0.2870149296577438,0.9595420956611632,0.4529970703125,5.8245,5.081106414397557,37.49532796608077,1253.669116973877
Qwen,copa,3,0.13043478260869565,0.02313624678663241,8.979412988162728,1.2262956393496955,0.43478260869565216,4.804786658496596e-05,0.0544355399906635,13.9374418258667,1.336396879492895,0.0003548860549926,0.2761127948760986,1.1832768023014069,0.7115403018615325,0.0281108317720628,0.94618925550819,15.140082344473,3.6409155729042824,0.9992899963332073,0.5239351102359855,0.0334714349226941,0.24337770938045322,0.0050435243174433,0.0144850453361868,1.661729335784912,0.17148568747021878,0.09375,9.92578125,96.4969482421875,32.43623352050781,0.9829780454499104,171.46881301646036,0.004491051031036,7.408812674550503,0.999644935131073,0.7238336205482483,-0.1829520016908645,0.2883705255978081,0.9580878615379332,0.3981455078125,5.8853125,5.032588647471534,36.96492003732257,1251.9501249525283
Qwen,copa,4,0.17391304347826086,0.030848329048843215,5.29574229681581,1.1334612173946086,0.4782608695652174,0.0006827135221101,0.0554355904459953,13.940858840942385,1.3362783764655433,0.0010799765586853,0.2766492366790771,1.1830011159181597,0.7099910898250528,0.1050576473060755,0.946678976335528,15.012502938839834,3.610899225788619,0.997841094151454,0.5231582914385378,0.0333702169739444,0.2437783302200771,0.0076140901073813,0.016427831724286,1.661609172821045,0.1712629051956658,1.0625,9.98828125,96.50848388671876,32.44013214111328,1.2217585926443602,174.43808744127193,0.0045688212256994,7.537108879590722,0.99891996383667,0.7232968211174011,-0.1826751679182052,0.2899197596416343,0.9585751295089722,0.337607421875,5.9648125,5.017275124788284,37.23411563038826,1258.0870679219563
Qwen,copa,5,0.21739130434782608,0.06683804627249364,28.413593414059196,1.7160682214230616,0.17391304347826086,1.059011936187744,0.0448588542640209,13.89241886138916,1.3225447645272652,0.9941053898073732,0.2773624658584595,1.1798107028007507,0.6964607790772183,4.573578511078307,0.941303844224643,16.565128761505918,3.966974298514818,3.245658713109064e-05,0.5221288562518254,0.0322199606559812,0.24587989216811026,0.0676070749759674,0.0194909311830997,1.66041100025177,0.17050856743784001,40.73828125,8.92578125,96.51458740234376,32.385047912597656,0.0500708233563642,142.77622850114895,0.0037395449174537,6.1690654570652805,0.0056970682926476,0.7225848436355591,-0.1794991940259933,0.30345606049134705,0.9653735756874084,0.2638687744140625,5.81075,4.988636533419292,37.937043799294365,1256.4774640401204
Qwen,copa,6,0.2608695652173913,0.20051413881748076,600.2403286861306,16.12702101156968,0.08695652173913043,0.000172463216586,1.012247920036316,13.969396591186523,0.9438537931321965,8.45789909362793e-05,1.0222289115190506,0.9208683371543884,0.33640011401924613,0.0130605521066641,1.000591181316264,3.717082340614141,0.5828102808696896,0.9998310875701611,0.0005017299239278,0.006318974943758,0.6300991091025167,0.0101211881265044,0.0660120695829391,1.6730282306671145,0.1603931994565452,0.125,41.49380493164063,96.515380859375,19.716691335042317,0.9975693470270466,2851.48553168002,0.0746851092729422,123.2067906504974,0.9999155402183532,-0.022399328649044,0.0794919803738594,0.6635705619701184,0.9658080339431764,0.2045160522460937,6.9851875,5.348852879471249,37.59875124692917,1268.620780520969
Qwen,copa,7,0.30434782608695654,0.012853470437018006,2.088883535083305,1.0526432224157505,0.6521739130434783,0.0002529042540118,1.0147290229797363,13.969796180725098,0.9446650255643666,0.0001246333122253,1.0229653287678957,0.9206871390342712,0.33668256500580657,0.0157966627251367,1.00060419750977,3.712636419532356,0.5816408434381645,0.9997505105201618,0.0005350002437133,0.0063459788703943,0.6301848915705398,0.0115510420873761,0.0683167800307273,1.6729497909545898,0.16024388830798367,0.25,41.49380493164063,96.5126953125,19.74913152058919,0.9992961794485268,2858.433388481164,0.0748670851022569,123.50699316909964,0.9998752474784852,-0.0231300722807645,0.0796616524457931,0.6632884299227347,0.9599622488021852,0.1678978271484375,6.971,4.575118432442348,36.52962440583441,1258.3347379896377
Qwen,copa,8,0.34782608695652173,0.02313624678663241,4.360260605275869,1.1098855752266812,0.5652173913043478,0.0002865540154743,1.0153629779815674,13.975507736206056,0.9427078421188829,0.0001406073570251,1.0207844618707895,0.921388752758503,0.334863460661533,0.0168088127439639,1.0005630544636743,3.712083047065304,0.5779519777635428,0.9997188050563786,0.0004389095547816,0.006235058348242,0.631775020235989,0.0129208490252494,0.0699234753847122,1.6728804111480713,0.15970535223217058,0.15625,41.49380493164063,96.538330078125,19.609574635823567,0.9988465499127364,2860.4466267860616,0.0749198151340678,123.59398103125265,0.9998593926429749,-0.0209501683712005,0.0789623856544494,0.6651077613156909,0.9631270170211792,0.132345458984375,7.008,4.672923266887665,37.05200103256438,1248.0675290425618
Qwen,copa,9,0.391304347826087,0.02827763496143961,2.024303096080388,1.051015691556783,0.782608695652174,0.0006195266614668,1.016407132148743,13.977551460266112,0.9410481640285676,0.0003040432929992,1.017682595178485,0.9215528592467308,0.3330925885626736,0.0247010509716295,1.000505095689431,3.710231659665823,0.5751009002075977,0.999392720894722,0.0003183640289955,0.0062075626171866,0.6330973764044939,0.0196146685630083,0.071871779859066,1.6725555658340454,0.15924911495919028,0.125,41.49380493164063,96.543212890625,19.538163503011067,0.997819922037852,2863.749816445584,0.075006331119483,123.73670502277851,0.9996963143348694,-0.0178427584469318,0.078788086771965,0.6668793199933134,0.9589924812316896,0.1118981018066406,6.9468125,4.352019011974335,36.5764644742012,1220.299024793837
Qwen,copa,10,0.43478260869565216,0.03341902313624682,-3.456697906373257,0.9128856570253884,0.9565217391304348,0.0004710260254796,1.0185754299163818,13.975122451782228,0.9397527911460202,0.0002317428588867,1.0165693443268538,0.92101339250803,0.3318667112713835,0.0215147189077088,1.0004831549415572,3.7058777864473886,0.5728557010596901,0.9995381173492072,0.0002797150329692,0.006291412790278,0.6344237408570818,0.0163633432239294,0.0776332020759582,1.6710299253463743,0.15902514577222363,0.234375,41.49380493164063,96.53515625,19.503973642985027,1.0012872622849442,2870.0066518853137,0.0751702079595818,124.00704993794392,0.9997690320014954,-0.0167246833443641,0.0793184265494346,0.6681061525014229,0.9592257142066956,0.0891766128540039,6.94125,4.209189191460609,36.76474431322681,1221.9653884039983
Qwen,copa,11,0.4782608695652174,0.04627249357326482,2.045127657322382,1.0515405039700938,0.7391304347826086,0.0007945394027046,1.017133355140686,13.977147102355955,0.9367779522544879,0.0003912448883056,1.0128547670319676,0.9214110746979712,0.3295761907429551,0.0279607389292359,1.0004143977070783,3.7085165170880816,0.5703992385128568,0.9992190932482572,0.0001693523644959,0.0062297411091662,0.6361096343185308,0.0184370204806327,0.0792282223701477,1.6696958541870115,0.15852753693858776,0.5625,41.49380493164063,96.534912109375,19.431697845458984,0.999928593719217,2866.3169473592416,0.0750735685122996,123.84762543865908,0.9996094703674316,-0.0130135454237461,0.0789287090301513,0.6703966167503191,0.9550759196281432,0.0697180557250976,6.883375,4.202864128682348,36.65523273415036,1215.681911892361
Qwen,copa,12,0.5217391304347826,0.03341902313624682,-0.3299631036465769,0.9916843994590798,0.8695652173913043,0.0015976809663698,1.0168776512145996,13.988361358642578,0.9319815640507537,0.000500202178955,1.0043261866085231,0.9229157269001008,0.3246172303139853,0.0396480067801099,1.0002552691373725,3.7098801204043914,0.5670931997123804,0.99900187138957,2.008153855287756e-05,0.0059936389373129,0.6392012543260781,0.022637628018856,0.0833016708493232,1.6693737506866455,0.15911025895426664,1.0,41.49380493164063,96.5155029296875,19.335186004638672,0.9547525769965894,2866.521632188571,0.0750789295455839,123.856469446681,0.999500811100006,-0.0044812429696321,0.0774185955524444,0.6753565879383435,0.9610253572463988,0.0547085571289062,6.7415625,4.224075597193506,36.98115877641572,1231.6629316541885
Qwen,copa,13,0.5652173913043478,-0.007712082262210804,1.7358922913798551,1.04374727573371,0.8260869565217391,0.0022989022545516,1.0647855997085571,14.024858474731444,0.942210253206819,0.0010775923728942,0.9971436252817512,0.9231413826346396,0.3203060698773091,0.0464706401248006,1.000113969253935,3.6296745273643913,0.5598041934541373,0.9978469291064052,7.2598366760929026e-06,0.0059612762061372,0.6424510982669598,0.0344353839755058,0.0878180041909217,1.6689329147338867,0.16005511729357141,0.75,42.49380493164063,96.506591796875,19.524267832438152,0.9973069384252352,3002.371188684387,0.0786370534984672,129.72624773634377,0.998922884464264,0.0026944084092974,0.0772093012928962,0.6796676513040438,0.958987593650818,0.0449651625156402,6.375,4.123598489496443,36.791655480861664,1237.20945570204
Qwen,copa,14,0.6086956521739131,0.0,-4.949107317446234,0.8752745412101925,1.0,0.0034794725943356,1.0674999952316284,14.002513885498049,0.9358467017397439,0.0015794038772583,0.9936159239150584,0.919930912554264,0.3157186510701043,0.0570945147958011,1.0000498509966813,3.621936079658054,0.558465407158416,0.9968424965523468,3.886215764038834e-05,0.0064638061823052,0.6465191926784907,0.0336536467075347,0.1022007465362548,1.6635048389434814,0.1639871581767996,1.52734375,42.49380493164063,96.55859375,19.473700205485027,0.9830478981637708,3010.47859008518,0.0788493997133824,130.0765517782228,0.998420000076294,0.0062339520081877,0.0803977996110916,0.6842563609825447,0.9570233225822448,0.033164189338684,6.1369375,4.079868513676855,36.312517975767456,1234.771885342068
Qwen,copa,15,0.6521739130434783,0.0025706940874036014,4.94497202995025,1.1246212428985203,0.5217391304347826,0.0054481169208884,1.085269808769226,14.02096939086914,0.9329287306269786,0.0024232864379882,0.97748008556664,0.9206190258264542,0.3068265648713956,0.0708350762765823,0.999756344998781,3.593472182080648,0.5576488291843347,0.9951603697251734,0.0005005476356305,0.0063533751657032,0.6514805588984828,0.0405101776123046,0.1129474714398384,1.6599258184432983,0.16835735396792487,2.00390625,42.74380493164063,96.609375,19.60195541381836,0.9785298215719118,3062.3925781610637,0.0802091126872572,132.31964780295678,0.9975772500038148,0.0223729219287633,0.0797080621123313,0.6931499350660791,0.9650484323501588,0.026507905960083,5.7945,4.174645569589403,36.4753664980332,1264.100676642524
Qwen,copa,16,0.6956521739130435,0.017994858611825208,12.29319295231,1.3098082204771566,0.391304347826087,0.014172057621181,1.108371376991272,14.0257568359375,0.9331534177763388,0.0055292844772338,0.9602523110806942,0.919023260474205,0.29815699144576985,0.1130145437987607,0.9994489638374332,3.555339921045467,0.5621797777917119,0.9889718854822184,0.0015696045509677,0.0066052976130728,0.6544971311397448,0.0563584193587303,0.1266228258609771,1.6565802097320557,0.1744526304925481,2.75,42.99380493164063,96.5751953125,19.917425791422527,1.101721938964811,3129.5853308617147,0.081969001707224,135.2229076383108,0.9944706559181212,0.0396182350814342,0.0812729820609092,0.7018232176390787,0.9641246199607848,0.0217563924789428,4.907125,4.189520516329342,36.24011454151736,1263.169587029351
Qwen,copa,17,0.7391304347826086,0.010282776349614406,21.45196567759261,1.540624013475943,0.21739130434782608,0.0082033788785338,1.0051817893981934,13.927896499633787,0.8999108048932006,0.0040491819381713,0.9392510131001472,0.9156276509165764,0.2915395696957906,0.0902516488847375,0.9990359882647184,3.718789795219549,0.59115217035656,0.9919175570917248,0.0036766904730163,0.0071641660860031,0.6513139977256507,0.0504729151725769,0.1524604558944702,1.646500825881958,0.18712446528176466,2.59375,40.24380493164063,96.61376953125,19.784918467203777,0.9922644010545512,2840.6308498277685,0.0744008072516794,122.73778230390404,0.9959505796432496,0.060635719448328,0.0846413969993591,0.7084438827199241,0.964406967163086,0.0169069843292236,4.26290625,4.248596436447567,35.61204577154584,1237.1760694715713
Qwen,copa,18,0.782608695652174,0.012853470437018006,2.4136690622680206,1.0608283397082376,0.6086956521739131,0.009909801185131,1.0127789974212646,13.881929397583008,0.9071575093936796,0.0047125816345214,0.9331137761473656,0.9086980149149896,0.29151724961896736,0.0988115145577243,0.998924086361428,3.6982819937067135,0.6090172977377101,0.9905981129844612,0.0044598531265658,0.0083824488772421,0.6430318244298022,0.0558288656175136,0.1771179735660553,1.6364309787750244,0.20059239041681087,3.1875,39.74380493164063,96.62890625,20.413153330485027,0.9720158578260488,2862.7761350817627,0.0749808287985888,123.69463426540669,0.9952879548072816,0.0667821317911148,0.0915557146072387,0.7084686203549305,0.9693440198898317,0.0135925198793411,3.58584375,4.369614203770955,35.628412407305504,1255.1039581298828
Qwen,copa,19,0.8260869565217391,0.02570694087403601,-1.2369033975639994,0.9688280463840402,0.9130434782608695,0.0117128677666187,1.041712760925293,13.86034107208252,0.9288413765995452,0.0054554939270019,0.927109956741333,0.9032308161258698,0.29449757436911267,0.1059125476140507,0.9988257289132482,3.643365422022785,0.6308020514417595,0.9891225684498296,0.0052999771219158,0.0094079468786967,0.6286926684137418,0.0632675215601921,0.2042533606290817,1.6284589767456057,0.2184704844839871,3.1875,39.49380493164063,96.572265625,21.54360580444336,0.9746875166787122,2945.1948847254,0.0771395117920276,127.2557779290172,0.9945464134216307,0.0728009417653083,0.0969945713877677,0.7054926113535961,0.9681429862976074,0.0123589811325073,3.035,4.39572213921282,35.47734251783954,1257.031566619873
Qwen,copa,20,0.8695652173913043,-0.005141388174807203,2.086615712168701,1.0525860696333726,0.6956521739130435,0.0959612503647804,1.0685687065124512,13.799079895019531,0.9596503435944518,0.0454670190811157,0.9220914542675018,0.8928648456931114,0.30233430210500956,0.2992968809936095,0.9987473375314224,3.58904951002005,0.6619159684825059,0.9111406079748045,0.0060599472217939,0.0115154562612623,0.6060679808239807,0.1033030301332473,0.2366828918457031,1.6174317598342896,0.2426261156797409,8.625,38.74380493164063,96.2890625,22.805243174235027,1.1615403892973704,3021.6811353173257,0.0791428128503255,130.56059058179918,0.9545368552207948,0.0778456628322601,0.1073100939393043,0.6976655010754863,0.9700210690498352,0.0096627402305603,2.949796875,4.188185185194016,35.41770598457919,1273.7936176723904
Qwen,copa,21,0.9130434782608695,0.03341902313624682,14.760814949508486,1.3719962608608143,0.30434782608695654,0.1115892529487609,0.9180487990379332,13.575762748718262,1.0516517035042245,0.0394645929336547,0.8741629421710968,0.8740208745002747,0.3559698996444543,0.3478467379754379,0.9977223209853904,3.836709665314364,0.8304893323082032,0.9226540319752452,0.0158299139572604,0.0158964310284694,0.48742732018441853,0.1887419372797012,0.2796361148357391,1.5917359590530396,0.284631426135699,9.25,30.743804931640625,95.4609375,25.44261296590169,0.7312620269599915,2601.4430147111098,0.0681360833370813,112.4029707819949,0.9605488181114196,0.125816985964775,0.1260810494422912,0.644048455481728,0.97117817401886,0.0090555901527404,2.726203125,4.357400071289804,35.41320649617248,1286.081206003825
Qwen,copa,22,0.9565217391304348,0.015424164524421607,20.58818465530316,1.5188553434131218,0.2608695652173913,13.08645248413086,1.2573456764221191,13.08645248413086,1.3237148510913055,0.7920715361833572,0.901142291724682,0.7920715361833572,0.42547013020763796,3.221245793017206,0.9984817635035568,3.221245793017206,0.8698270495708535,0.0432329385605498,0.0097816899992487,0.0432329385605498,0.38595497613368107,1.5438201427459717,0.3801855444908142,1.5438201427459717,0.37664815597236156,91.46875,31.118804931640625,91.46875,31.15127182006836,0.0931760173112464,3557.4703960277034,0.0931760173112464,153.71093609248996,0.2079253196716308,0.0989024266600608,0.2079253196716308,0.5745948649321994,0.9657707810401917,0.0069689254760742,2.806421875,5.034863312211302,35.27528503123257,1283.0901217990452
Qwen,copa,23,1.0,0.07455012853470444,443.74043982722907,12.18297227985769,0.13043478260869565,0.0,13.565077781677246,0.0,13.300902406374613,-3.5762786865234375e-07,1.1495342403650284,-3.5762786865234375e-07,0.936865020232896,0.0,1.0007780216695723,0.0,0.97009257391532,0.9999995231628986,0.0222806915488151,0.9999995231628986,0.056424463836913276,0.0,1.656290054321289,0.0,1.5824320664008458,0.0,96.50360107421876,0.0,92.25007057189941,0.999999999926155,38180.10791212057,0.999999999926155,1649.6834756059718,0.9999997615814208,-0.1492671817541122,0.9999997615814208,0.06341011108209686,0.9637451767921448,0.0024711966514587,3.295875,6.34536239835951,33.08190737830268,1288.5255067613389
gemma,csqa,0,0.0,1.0,26323.89018172311,684.6253591801587,0.0,315.58188,0.0,1365969.6,319302.14699022856,0.947085,0.0,0.98643464,0.9600961974285716,17.500631,0.0,1151.3787,445.34130997142853,0.052781943,1.0,0.013039041,0.03952080782628572,4418.877,0.0,583885.1,147598.80165714285,830.80426,0.0,57508.336,22553.00950302857,307.2611,1.0,1325559.2,309894.97994814283,0.052781943,1.0,0.013039041,0.03952080782628572,7.780056476593018,20.70056858062744,0.0,8.121435220424946,44.91180933438815,1211.4652181772085
gemma,csqa,1,0.030303030303030304,0.0934466019417476,244.0127972107341,7.336956087651635,0.24242424242424243,11.912403,315.58188,1328953.4,304928.39398980007,0.008108079,0.947085,0.10146296,0.1210813326,0.19401653,0.9986077,64.802795,24.602542165428577,0.9918994,0.052781943,0.89865977,0.8789771623457143,1475.3152,4418.877,583200.0,146419.0282514286,153.42505,830.80426,56677.53,21822.894224571428,0.71454513,0.0032545608,4314.1133,1008.5720612765942,0.9918994,0.052781943,0.89865977,0.8789771623457143,7.79102087020874,20.700569248199464,1.7976473864471612e-22,5.776016492110032,44.56921694828914,1236.7925602839543
gemma,csqa,2,0.06060606060606061,0.13713592233009714,27.361894458494238,1.7105820909412905,0.5454545454545454,42.112537,225.65715,1335757.5,307534.68892771436,0.007830024,0.9511409,0.13316274,0.1448593466857143,0.43155664,0.9989797,76.859215,29.26659922942857,0.99217474,0.048811674,0.8670307,0.8552504006399999,2307.6997,4601.2227,583380.2,146432.01571714287,297.9361,677.3792,56830.957,21950.018344285716,1.9747052,0.004554731,6037.566,1411.4882096437427,0.99217474,0.048811674,0.8670307,0.8552504006399999,7.791616439819336,20.70056858062744,2.6212937856271745e-24,5.726852343632625,44.80627896235539,1262.4962674654448
gemma,csqa,3,0.09090909090909091,0.7512135922330098,10480.060363693552,273.1647515204298,0.030303030303030304,51.660057,446.42148,1322587.2,302475.7823776857,0.008652806,0.97349393,0.112048686,0.12684114246312259,0.34013626,0.9998804,54.42364,20.60575773942857,0.99135286,0.026388012,0.8880898,0.8732289349942857,4033.201,5711.5977,583241.1,146205.59582857144,341.41528,975.3153,56533.02,21711.414075142853,1.7032865,0.002306537,3057.4517,714.7842640176857,0.99135286,0.026388012,0.8880898,0.8732289349942857,7.790175437927246,20.700569248199464,7.74168039091071e-18,5.962138451062716,48.43981023935172,1294.7584017240083
gemma,csqa,4,0.12121212121212122,1.0,8148.692464945988,212.61966467498422,0.06060606060606061,305.66815,760.21405,1307549.8,296762.9966029143,0.011942744,0.9746297,0.081519246,0.10369478450298986,0.6339366,0.9997436,41.461956,15.61413307942857,0.988075,0.025177002,0.9185685,0.8963406343857143,4694.66,7687.1016,582709.3,145924.53701714284,802.79114,1316.7306,56191.605,21467.54669285714,2.5691552,0.0013541685,1795.0306,419.6500342185857,0.988075,0.025177002,0.9185685,0.8963406343857143,7.789792060852051,20.70056858062744,4.545751388824925e-16,4.863966171558086,44.5583261343149,1311.0332688551682
gemma,csqa,5,0.15151515151515152,0.5000000000000001,404.7049979943385,11.510095495231056,0.18181818181818182,289.5384,1954.5183,1272642.5,283716.11043771426,0.0056211352,0.98971456,0.07766831,0.10127301223428571,0.38489753,1.0000275,25.517925,9.509301166285713,0.9943794,0.009951047,0.92233896,0.8987179174285714,5355.453,10318.057,582339.6,145622.43718571425,838.23755,2119.5217,55388.812,20939.99787685714,1.8615267,0.0005270871,698.6852,163.3416413905457,0.9943794,0.009951047,0.92233896,0.8987179174285714,7.792312622070312,20.700168991088866,4.1688366811509974e-13,4.884904366273147,45.54414367675781,1310.154536320613
gemma,csqa,6,0.18181818181818182,0.6213592233009709,737.0203849635092,20.14024948119568,0.12121212121212122,216.51175,3639.0364,1236620.5,270590.6815985714,0.0026658773,0.99637306,0.05659306,0.08713650281428573,0.24393971,1.0000807,18.435719,6.805322012,0.9973333,0.0032421625,0.9434038,0.9128521625542856,6764.0786,12889.4,581408.1,145132.15376,717.54956,2957.7593,54550.58,20437.055746,1.5131016,0.00028314773,375.32913,87.7460642153723,0.9973333,0.0032421625,0.9434038,0.9128521625542856,7.789812088012695,20.281773567199707,1.3588947669375404e-09,4.754792855336116,46.818819779616135,1333.2034020057092
gemma,csqa,7,0.21212121212121213,0.31067961165048547,370.2052467228075,10.614144908451838,0.21212121212121213,310.29547,5506.4736,1206204.0,259795.78254628569,0.0017540455,0.9993468,0.04693252,0.08146599033714286,0.23740384,1.000085,14.801657,5.429331524571429,0.9982457,0.00024570478,0.9530617,0.9185234052422858,7505.0093,15653.534,580687.94,144868.97848285714,868.1802,3675.3088,53833.027,20047.528861714283,1.5082872,0.00018713069,248.05283,57.99086360568544,0.9982457,0.00024570478,0.9530617,0.9185234052422858,7.791308403015137,18.88679552078247,1.0547005340616476e-08,4.683915881010202,45.88876504164476,1338.944350022536
gemma,csqa,8,0.24242424242424243,0.33737864077669916,2566.0444944916057,67.63958393342095,0.09090909090909091,1323.6907,8305.658,1170036.2,247284.05399057147,0.0018656254,1.0019664,0.041049838,0.07850016151142858,0.39924803,1.0000842,11.869957,4.330423802571429,0.9981337,-0.0023977472,0.95894116,0.9214900205600001,9805.276,17940.293,579887.0,144558.21258,1826.3062,4543.4893,52964.848,19625.84162571429,1.9395463,0.00012406835,164.45995,38.44815770549572,0.9981337,-0.0023977472,0.95894116,0.9214900205600001,7.790300846099853,16.613689756393434,1.3670790134368004e-07,4.743671784034143,45.356990374051605,1350.4205791766826
gemma,csqa,9,0.2727272727272727,0.1529126213592234,81.07284358213487,3.105443056895699,0.48484848484848486,1196.8726,16108.846,1095764.5,222890.35331999997,0.0010154247,1.0042508,0.034778297,0.07617195868,0.27259657,1.0000656,8.24812,2.9896976908571427,0.9989842,-0.004690429,0.96521425,0.9238195746954287,12208.219,22589.17,577927.56,144153.08120000002,1726.6895,6369.795,51138.54,18843.13847142857,1.6073539,6.396772e-05,84.793,19.823273295176286,0.9989842,-0.004690429,0.96521425,0.9238195746954287,7.784088134765625,13.76167378425598,1.6320893969634651e-06,4.5058472615021925,47.52671813964844,1344.3387216421274
gemma,csqa,10,0.30303030303030304,0.21723300970873793,105.93903305851964,3.751212264823715,0.3939393939393939,5835.1987,25892.02,1027843.3,202209.87546857144,0.0011042356,1.0032169,0.032086313,0.07560066603156129,0.47474703,1.0000402,6.300834,2.2812701945714284,0.9988958,-0.0036716547,0.96790403,0.9243914057657142,16867.93,27628.977,575634.5,144090.92745714285,3847.732,8096.4844,49411.85,18201.796928571428,2.1648374,3.9796905e-05,52.75316,12.332861405077283,0.9988958,-0.0036716547,0.96790403,0.9243914057657142,7.789271354675293,12.830387592315674,3.6191164355159343e-06,4.311910675122188,45.34392723670373,1349.111088679387
gemma,csqa,11,0.3333333333333333,0.30582524271844674,160.82911922665187,5.176695147979514,0.30303030303030304,10348.657,56047.25,884955.7,164523.49942000004,0.00089114904,1.0015713,0.029441178,0.07534204980685714,0.4297064,1.000016,3.9736588,1.4531433042857147,0.99910873,-0.0020053354,0.97055435,0.9246500048257142,27702.055,35137.516,571295.25,143697.8940857143,5107.9434,11944.217,45564.117,16992.509380000003,2.035596,1.8383324e-05,24.368185,5.696899601593829,0.99910873,-0.0020053354,0.97055435,0.9246500048257142,7.78493070602417,11.43570318222046,1.2447154199435318e-05,4.3904218306908245,45.37724964435284,1333.89350773738
gemma,csqa,12,0.36363636363636365,0.23543689320388345,140.73905305813992,4.654960761245982,0.3333333333333333,2725.8936,114086.02,713441.94,132456.75796,0.00059455633,1.0001609,0.028989255,0.075754666810306,0.15457541,1.0000048,2.5007207,0.9469220777142857,0.9994054,-0.0005894811,0.9710082,0.9242374148,25308.318,51013.72,566600.5,146114.4274,2568.3867,17052.16,40456.176,15679.038437142855,1.3226622,9.0309295e-06,11.971033,2.7986397687111286,0.9994054,-0.0005894811,0.9710082,0.9242374148,7.78719425201416,11.983425617218018,7.061177313971712e-06,4.513505761439983,47.35610771179199,1346.618919959435
gemma,csqa,13,0.3939393939393939,0.22451456310679607,226.7342971232739,6.888237423850736,0.2727272727272727,1542.3544,150900.95,634441.56,123904.38284000002,0.00053960085,1.0002522,0.028160334,0.07564277213916315,0.10109924,1.0000042,2.0504615,0.7999294214285714,0.9994601,-0.0006952903,0.9718345,0.9243493840142857,27919.125,55192.71,562679.25,145233.00742857144,1867.8984,19620.547,37887.79,15165.360937142854,1.1991954,6.8278423e-06,9.05071,2.1159140979820656,0.9994601,-0.0006952903,0.9718345,0.9243493840142857,7.784006118774414,12.010336112976074,6.7220085156805e-06,4.1939752743794365,47.81866807204027,1361.15134371244
gemma,csqa,14,0.42424242424242425,0.29490291262135937,108.87726062276332,3.8275173572736816,0.36363636363636365,2210.097,180957.44,580472.1,120995.32332571429,0.0006534457,0.99916416,0.028031707,0.0759026968101327,0.110514134,1.0000008,1.7910298,0.7205393558285714,0.9993464,0.00039673853,0.9719637,0.9240891995294287,33016.71,60488.547,560782.8,145844.54885714283,2231.246,21488.445,36019.89,14898.518440000002,1.2183242,5.693686e-06,7.5473185,1.7644447694964571,0.9993464,0.00039673853,0.9719637,0.9240891995294287,7.790145874023437,11.298630666732787,1.30968316398139e-05,4.117701750535232,47.04927121675932,1363.791006234976
gemma,csqa,15,0.45454545454545453,0.1383495145631068,-14.196376407921946,0.6313233775887488,0.7878787878787878,2985.31,220466.97,519568.3,121056.46186857141,0.0006403923,0.99932826,0.027932346,0.07598529828,0.11636527,1.0000011,1.5351468,0.6478972605714286,0.99935883,0.00022732641,0.9720618,0.9240066676802858,36821.18,68295.97,557823.4,147138.8952,2605.0781,23719.691,33788.645,14707.268717142857,1.2322881,4.6733753e-06,6.194836,1.4482555336784373,0.99935883,0.00022732641,0.9720618,0.9240066676802858,7.787557125091553,10.522789525985718,2.7345068201611866e-05,4.503453502288232,46.22072894756611,1356.8895075871394
gemma,csqa,16,0.48484848484848486,0.05703883495145637,-21.24609576802977,0.4482437910837436,0.8787878787878788,3608.582,271675.44,452977.56,126091.79751428573,0.00072443485,0.9981488,0.02764082,0.07617451314973459,0.1152504,0.9999981,1.2912563,0.5855923677142858,0.9992751,0.0014112759,0.97235453,0.92381744834,43161.082,82394.984,553482.06,151098.21785714282,2835.1855,26324.77,31183.566,14632.837914285716,1.227786,3.7924372e-06,5.0271006,1.1752572476182057,0.9992751,0.0014112759,0.97235453,0.92381744834,7.785423755645752,10.02805666923523,4.535509815468685e-05,4.117485293975244,47.14576515784631,1365.7042846679688
gemma,csqa,17,0.5151515151515151,0.40048543689320387,545.5328676571531,15.167362803224224,0.15151515151515152,3592.707,333562.44,386895.38,137641.61966857142,0.00087195635,0.99905366,0.027676225,0.07636285462571428,0.10378207,0.9999998,1.0769814,0.538871744857143,0.9991278,0.0005025598,0.97231793,0.923629137414286,51075.543,97913.97,549571.25,155659.16397142858,2730.666,29159.955,28348.38,14713.843157142857,1.1971377,3.0888423e-06,4.094444,0.9572167434567801,0.9991278,0.0005025598,0.97231793,0.923629137414286,7.790038108825684,10.182355499267578,4.2831149130506674e-05,4.469821975781367,45.79568554804875,1346.831082857572
gemma,csqa,18,0.5454545454545454,0.027912621359223285,89.06601850302319,3.3130239668052854,0.45454545454545453,821.10156,399318.25,328820.6,154751.33731885714,0.0008907318,0.9966345,0.02750063,0.07645896728142856,0.0453458,0.999996,0.9074404,0.5130356098857143,0.9991091,0.0029211317,0.97249323,0.9235330761742858,52325.24,113315.26,545275.75,160749.1401142857,476.46094,31890.621,25617.715,15070.719179714284,1.0317047,2.5801896e-06,3.4201944,0.7995878438938457,0.9991091,0.0029211317,0.97249323,0.9235330761742858,7.793220520019531,8.407891869544983,0.0002621389990963,4.014684319496155,46.06702657846304,1380.9010009765625
gemma,csqa,19,0.5757575757575758,0.019417475728155335,0.9748817284210248,1.025317453733063,0.6666666666666666,996.1299,411965.3,318493.1,158441.85728457145,0.0012011528,0.9946742,0.027232826,0.07661573810259172,0.049172755,0.99999267,0.8792585,0.5098774366,0.9987981,0.004896397,0.9727645,0.9233759866,60553.734,127274.17,541560.1,166208.72868571428,126.06163,32367.082,25141.254,15212.683525714288,1.0058914,2.5008997e-06,3.3150907,0.7750162324775915,0.9987981,0.004896397,0.9727645,0.9233759866,7.790730476379394,7.003070521354675,0.0010648442854289,4.084485860971304,45.26090753995455,1371.177499624399
gemma,csqa,20,0.6060606060606061,-0.0012135922330096364,-23.612240759643115,0.3867955511542561,0.9393939393939394,1543.6324,414382.03,316616.97,159222.9201542857,0.0018534064,0.9928789,0.027221978,0.07700581691116315,0.061033346,0.9999901,0.8741025,0.5095080614857143,0.9981473,0.006703455,0.9727783,0.9229860480285714,75646.805,143335.7,539261.8,173925.2796857143,171.76501,32424.637,25083.7,15233.678972571426,1.0054581,2.4862518e-06,3.2956743,0.7704769818540514,0.9981473,0.006703455,0.9727783,0.9229860480285714,7.793853759765625,5.711565279960633,0.0040813502622768,4.287423253059387,46.958131496722885,1376.1985426682693
gemma,csqa,21,0.6363636363636364,0.025485436893203848,-8.73898739530981,0.7730505120729656,0.696969696969697,2477.587,416673.94,314670.06,159953.88814857142,0.0019953847,0.9922341,0.02709204,0.07738567033142858,0.07711015,0.999989,0.8690102,0.5096819693428571,0.9980089,0.00730808,0.9728992,0.9226064644857143,81302.36,166186.12,532771.75,184971.54514285715,1350.3438,32461.746,25046.59,15251.855052571427,1.0864742,2.4727553e-06,3.2777839,0.7662944929912943,0.9980089,0.00730808,0.9728992,0.9226064644857143,7.793195247650146,3.2303192257881164,0.0596874969312921,4.564549051798307,48.02866114102877,1380.1998760516826
gemma,csqa,22,0.6666666666666666,0.0024271844660194376,45.05891639645338,2.1701696707115596,0.5151515151515151,3260.224,452650.44,286792.44,171231.53150857144,0.0021370053,0.9913949,0.025953352,0.07714009529999999,0.08486666,0.9999881,0.7959709,0.5067914670285714,0.99786574,0.008214725,0.97405475,0.9228529901142856,83823.82,179495.94,523555.03,190368.9387142857,1922.2031,33812.09,23696.246,15913.972874285713,0.8904956,2.2759448e-06,3.0168998,0.7053038930249943,0.99786574,0.008214725,0.97405475,0.9228529901142856,7.794262886047363,2.863814514875412,0.0972647559363395,4.304651755553025,47.582287274874176,1375.7579956054688
gemma,csqa,23,0.696969696969697,0.0036407766990292382,-30.39297611006128,0.21070141736799416,1.0,2768.2375,403123.53,321990.06,155347.01523714286,0.0029044151,0.9893254,0.02494055,0.07682261128285714,0.08286588,0.99998426,0.8937075,0.5109075081428571,0.9970945,0.010224364,0.97505367,0.9231695470571428,91724.17,175795.56,517920.8,186925.78725714286,1224.4375,31889.887,25618.45,15070.530365714289,0.9301767,2.5558181e-06,3.3878884,0.7920352153259458,0.9970945,0.010224364,0.97505367,0.9231695470571428,7.801050662994385,2.395015329122544,0.1770266712410375,5.101659756440383,49.558657572819634,1352.1583017202524
gemma,csqa,24,0.7272727272727273,-0.009708737864077586,-12.309263503866523,0.6803312646427722,0.7272727272727273,1926.1521,374964.56,343170.38,147345.90681142855,0.0023245811,0.9878542,0.023462236,0.07740250417428572,0.07167076,0.99998116,0.9566468,0.5205672137142857,0.99767476,0.011709392,0.9765349,0.9225891010857142,81191.516,196279.4,504796.44,195791.74131428575,546.1738,30665.45,26842.887,14842.885608571429,1.0401888,2.7476694e-06,3.6421988,0.8514889825905543,0.99767476,0.011709392,0.9765349,0.9225891010857142,7.800033092498779,0.3247579518705606,0.7529502168297768,4.898702768179087,47.48328766456017,1386.4196120042068
gemma,csqa,25,0.7575757575757576,-0.015776699029126096,94.5028920579402,3.4542183195828944,0.42424242424242425,5485.659,390025.9,328451.34,151591.77080571427,0.003207326,0.98852104,0.022102237,0.0780995725825917,0.118593305,0.9999827,0.9176588,0.5182708768285715,0.99679184,0.011055135,0.9778981,0.9218917387142856,106292.43,217371.12,489529.06,206598.39999999997,2569.959,31211.623,26296.713,14920.910404285716,1.175725,2.6415105e-06,3.5014787,0.8185908105750143,0.99679184,0.011055135,0.9778981,0.9218917387142856,7.79866886138916,0.1964296931400895,0.8333980724215507,5.333308256589449,48.26291949932392,1375.6556208683894
gemma,csqa,26,0.7878787878787878,-0.007281553398058148,-15.00336081951663,0.6103661784657926,0.8181818181818182,4910.212,458571.5,273824.28,173264.47435714287,0.0033740997,0.98926175,0.020331025,0.07861903753428572,0.103476085,0.999985,0.7727266,0.5113092882857142,0.99662614,0.010306915,0.9796689,0.9213721267142857,115910.46,247650.8,468588.25,224940.1322857143,1871.2539,33781.582,23726.754,15897.411474285716,1.1227393,2.2467077e-06,2.9781442,0.6962434310294485,0.99662614,0.010306915,0.9796689,0.9213721267142857,7.798375606536865,0.2791424872353673,0.8195833258330822,5.28418153982896,44.54829509441669,1329.3548020582932
gemma,csqa,27,0.8181818181818182,0.001213592233009801,-23.40199591237244,0.3922555613669937,0.9090909090909091,6361.3604,514899.34,235652.7,194411.60332571427,0.0041645765,0.9901133,0.019127667,0.08064618915402029,0.11114969,0.999987,0.6765024,0.5163712185714285,0.99583364,0.009413309,0.980865,0.9193457625428573,135796.75,293979.8,442589.78,255385.92228571427,2014.0352,35652.836,21855.5,17005.85051142857,1.1223084,2.0010946e-06,2.6525695,0.6201291777803599,0.99583364,0.009413309,0.980865,0.9193457625428573,7.795986175537109,0.2437237978447228,0.9024759764317424,6.670810733522687,56.754362378801616,1762.918247767857
gemma,csqa,28,0.8484848484848485,-0.0060679611650485115,-13.691398107282662,0.6444375476361685,0.7575757575757576,17110.582,577895.6,195667.92,219941.37261142855,0.0032112002,0.98694944,0.016180098,0.08179624066285715,0.17206818,0.99998355,0.5818727,0.5233809685714287,0.99678767,0.012558507,0.9838123,0.9181972886571428,136658.42,333645.7,406306.5,282965.6577142857,5643.426,37666.87,19841.465,18329.359319999996,1.320446,1.7830167e-06,2.3634944,0.5525479309758201,0.99678767,0.012558507,0.9838123,0.9181972886571428,7.795303821563721,0.1778566453023813,0.8883941654115916,5.532748597008841,54.1078142438616,1784.0482177734375
gemma,csqa,29,0.8787878787878788,-0.003640776699029074,25.48183877704153,1.661757478331253,0.5757575757575758,7641.2437,763063.9,113769.29,303563.4760485714,0.0028293133,0.9881325,0.013035953,0.08115927021973456,0.10006816,0.9999868,0.38612363,0.5435659685714286,0.9971704,0.011388361,0.9869597,0.9188331283142859,136513.02,378722.2,365221.06,315426.4762857143,2640.3008,43310.297,14198.039,22360.37783428571,1.1303809,1.350314e-06,1.7899213,0.41845554162560006,0.9971704,0.011388361,0.9869597,0.9188331283142859,7.794476985931396,0.1374403501395136,0.8994814261794091,5.211103541510446,55.1888850075858,1701.3266775948662
gemma,csqa,30,0.9090909090909091,-0.0048543689320387105,19.10676919527268,1.4961983910326309,0.6363636363636364,8436.597,862604.6,81825.05,354787.79784857144,0.0036689043,0.98537016,0.011163056,0.08241791869142859,0.09889425,0.9999846,0.30798572,0.5580776974285715,0.9963294,0.014121357,0.9888317,0.9175778104857143,156229.55,421309.22,329672.84,348813.7268571429,1938.3477,45950.598,11557.738,24397.181334285713,1.0939159,1.1945656e-06,1.5834675,0.37018988186938856,0.9963294,0.014121357,0.9888317,0.9175778104857143,7.7969207763671875,0.1134810169693082,0.896008075773716,6.729622568402972,61.23597226824079,1706.8131452287946
gemma,csqa,31,0.9393939393939394,0.0036407766990292382,21.94423037437445,1.5698866036916397,0.6060606060606061,10678.325,943558.7,56549.562,399805.8208,0.00433141,0.98664045,0.007746756,0.08459889198000001,0.106380336,0.9999869,0.2448073,0.5719623407428572,0.99566656,0.012881481,0.9922508,0.9153916960285715,180915.95,469785.44,281371.0,390972.04057142854,2005.4375,47888.945,9619.391,26003.24056,1.0969477,1.0920086e-06,1.447522,0.3384079620669314,0.99566656,0.012881481,0.9922508,0.9153916960285715,7.799881935119629,0.1003185910405591,0.9047976195812224,6.694862944739206,59.55864007132394,1763.705592564174
gemma,csqa,32,0.9696969696969697,-0.007281553398058148,-17.36241808445892,0.5491020051639128,0.8484848484848485,32590.416,1035041.7,32590.416,453805.43111428566,0.0040688515,0.9833943,0.0040688515,0.08796014712857143,0.17744309,0.9999838,0.17744309,0.5890745241428571,0.99593085,0.016123509,0.99593085,0.9120297919714285,197747.88,531674.9,197747.88,447563.064857143,7613.953,49894.383,7613.953,27779.485362857144,1.3195908,9.954973e-07,1.3195908,0.30849963167455147,0.99593085,0.016123509,0.99593085,0.9120297919714285,7.801469802856445,0.0714937523473054,0.9249144405126573,5.380359309060233,52.88388660975865,1773.2186366489957
gemma,csqa,33,1.0,-0.0048543689320387105,-26.85928426962905,0.30247057978931186,0.9696969696969697,0.0,1365969.6,0.0,650175.0116571429,-1.1920929e-07,0.98643464,-1.1920929e-07,0.08677002717973457,0.0,0.9999885,0.0,0.630591688,0.9999997,0.013039041,0.9999997,0.9132261786,0.0,583885.1,0.0,502325.3585714286,0.0,57508.336,0.0,34958.3554,1.0,7.543985e-07,1.0,0.23378432177252856,0.9999997,0.013039041,0.9999997,0.9132261786,7.797416687011719,0.0242506494483677,0.96579267680645,6.03019574710301,56.40591376168387,1774.219735281808
gemma,siqa,0,0.0,0.9938837920489296,1710.462374519715,61.52444462135864,0.030303030303030304,315.97116,0.0,1306525.4,326945.6560542857,0.9478676,0.0,0.9904835,0.9612895740000001,17.511423,0.0,1126.0474,448.8200319085715,0.05199934,1.0,0.009022349,0.038340624874285724,4416.1353,0.0,599931.1,145559.42038857145,831.3767,0.0,56049.113,22749.173347885713,307.61267,1.0,1267959.5,317329.5119510857,0.05199934,1.0,0.009022349,0.038340624874285724,7.780056476593018,20.69251699447632,0.0,8.121435220424946,44.91180933438815,1211.4652181772085
gemma,siqa,1,0.030303030303030304,0.16819571865443422,852.3113899893154,31.158905739184352,0.06060606060606061,14.082483,315.97116,1270385.8,312428.99035945715,0.009474456,0.9478676,0.10355818,0.12053877001727556,0.21082889,0.9986523,63.322548,24.787952858,0.99053663,0.05199934,0.8965408,0.8795154580485713,1507.4912,4416.1353,598964.06,144317.19701142857,169.90399,831.3767,55217.734,22020.637759999998,0.6898565,0.0032508415,4121.9355,1031.5879210970427,0.99053663,0.05199934,0.8965408,0.8795154580485713,7.79102087020874,20.69251747131348,3.018080346679836e-36,5.776016492110032,44.56921694828914,1236.7925602839543
gemma,siqa,2,0.06060606060606061,0.018348623853211024,-4.964897753181006,0.8243178665666415,0.696969696969697,42.186985,218.1292,1277729.6,315344.14748279995,0.008228421,0.95149606,0.14087719,0.1490435401714286,0.43934864,0.99902636,76.460915,30.026781517142854,0.9917771,0.048473585,0.8593022,0.8510710354971428,2280.3132,4611.7705,599171.6,144343.7921085714,298.29596,661.4727,55387.64,22161.415242285715,1.9938501,0.004712344,5975.062,1495.3659213290857,0.9917771,0.048473585,0.8593022,0.8510710354971428,7.791616439819336,20.69251718521118,2.5398534665887313e-43,5.726852343632625,44.80627896235539,1262.4962674654448
gemma,siqa,3,0.09090909090909091,0.709480122324159,2929.536698724775,104.66119964374685,0.0,56.04995,435.70947,1264861.5,310226.9548746571,0.009259939,0.9741256,0.11738491,0.1289640565142857,0.3586379,0.99992406,53.875347,21.040120517428573,0.9907464,0.02576504,0.88273513,0.87110578222,4040.1172,5694.6934,598727.8,144066.95267714286,357.64807,959.7687,55089.344,21921.591794285712,1.7494012,0.0023634396,2996.7458,749.9891403747886,0.9907464,0.02576504,0.88273513,0.87110578222,7.790175437927246,20.692517375946046,1.0986675488859608e-33,5.962138451062716,48.43981023935172,1294.7584017240083
gemma,siqa,4,0.12121212121212122,0.9908256880733944,709.1122246966089,26.09182558665142,0.09090909090909091,301.09882,762.0272,1249499.0,304182.66040885716,0.012096882,0.97520673,0.08415413,0.10358456207441842,0.6284445,0.99976426,40.483704,15.724694126571428,0.98792243,0.024602804,0.91591483,0.8964490911028571,4656.5635,7710.446,598254.94,143778.80453142856,794.6719,1317.4167,54731.695,21666.128955428572,2.5497286,0.0013509992,1713.0123,428.71191315614857,0.98792243,0.024602804,0.91591483,0.8964490911028571,7.789792060852051,20.69251747131348,5.198014397387106e-28,4.863966171558086,44.5583261343149,1311.0332688551682
gemma,siqa,5,0.15151515151515152,0.37614678899082576,-15.87400376820051,0.43830084993394497,0.9393939393939394,295.52545,1944.3412,1215859.0,291142.84511914285,0.005771935,0.99017686,0.081038654,0.10139319,0.38987747,1.0000392,25.00762,9.617154936857142,0.9942286,0.009485906,0.91895604,0.8985980676685714,5290.118,10295.553,598008.06,143497.46056285716,847.29614,2112.0886,53937.023,21143.915938285714,1.8741604,0.00052986,671.84106,168.1402150044457,0.9942286,0.009485906,0.91895604,0.8985980676685714,7.792312622070312,20.69253807067871,3.098001698017533e-22,4.884904366273147,45.54414367675781,1310.154536320613
gemma,siqa,6,0.18181818181818182,0.44954128440366975,-15.52575286174309,0.45062365399921334,0.9090909090909091,207.8372,3644.6714,1180441.8,277750.4820802857,0.0026695728,0.9970885,0.059798777,0.08702753724285715,0.238821,1.0000925,17.99837,6.858832527428571,0.9973306,0.0025225175,0.94018877,0.9129634768548571,6733.01,12821.202,597185.25,143062.22699142856,701.24805,2959.3848,53089.727,20635.538336857142,1.4998716,0.0002827186,358.47574,89.71495325296571,0.9973306,0.0025225175,0.94018877,0.9129634768548571,7.789812088012695,20.69257526397705,6.515193382593785e-17,4.754792855336116,46.818819779616135,1333.2034020057092
gemma,siqa,7,0.21212121212121213,0.14373088685015287,9.800510071759646,1.3467895219068131,0.21212121212121213,325.13385,5466.8564,1151440.0,267080.54342257144,0.0018166304,1.0005118,0.049936593,0.0813742787515613,0.24389689,1.0001012,14.514292,5.499164917142857,0.9981828,-0.00092637306,0.9500492,0.9186177765497143,7643.8125,15533.614,596030.75,142759.7702714286,889.40796,3660.6328,52388.48,20254.86131457143,1.5239913,0.00018849519,239.00429,59.81508713137113,0.9981828,-0.00092637306,0.9500492,0.9186177765497143,7.791308403015137,20.69249897003174,6.763347443672265e-14,4.683915881010202,45.88876504164476,1338.944350022536
gemma,siqa,8,0.24242424242424243,0.38837920489296635,71.34602013483186,3.524567806302948,0.12121212121212122,1285.6779,8331.601,1115384.8,254125.7349402857,0.0018764138,1.0028962,0.043887794,0.07833233731116315,0.3928645,1.0000942,11.571483,4.362018066285715,0.9981227,-0.0033307774,0.95609695,0.9216612773434286,9723.227,18155.324,595197.5,142568.9349,1799.6157,4550.041,51499.07,19822.86307028571,1.9215006,0.00012368521,156.82785,39.24896783211458,0.9981227,-0.0033307774,0.95609695,0.9216612773434286,7.790300846099853,20.68180675506592,1.0848877720660844e-11,4.743671784034143,45.356990374051605,1350.4205791766826
gemma,siqa,9,0.2727272727272727,0.05504587155963307,7.227523126452283,1.2557447797350003,0.3333333333333333,1049.4747,16008.622,1044155.0,229781.6477085714,0.00094389915,1.0051731,0.03743875,0.07583908400714286,0.25605956,1.0000737,8.076766,3.028129868571428,0.99905586,-0.0056123566,0.9625477,0.92415577118,11586.602,22321.338,593237.1,141974.78737142854,1616.3203,6349.6562,49699.457,19051.599374285717,1.5659776,6.436907e-05,81.617386,20.426207402824858,0.99905586,-0.0056123566,0.9625477,0.92415577118,7.784088134765625,19.43005847930908,2.6639371597525493e-09,4.5058472615021925,47.52671813964844,1344.3387216421274
gemma,siqa,10,0.30303030303030304,0.07951070336391444,-7.988154258956335,0.7173404061525586,0.7272727272727273,4452.0186,25068.404,982362.3,210086.34020857146,0.0010657907,1.0042442,0.035057187,0.07536189934441843,0.4214401,1.0000476,6.26027,2.3465545185714287,0.99893427,-0.0046952395,0.9649288,0.9246338709342857,16003.466,26808.252,591442.3,141974.07577142856,3357.1196,7965.9766,48083.137,18451.251779999995,2.0103376,4.1104726e-05,52.11913,13.0437423362936,0.99893427,-0.0046952395,0.9649288,0.9246338709342857,7.789271354675293,17.78162908554077,1.893421130994e-08,4.311910675122188,45.34392723670373,1349.111088679387
gemma,siqa,11,0.3333333333333333,0.058103975535168245,-12.755348027998137,0.5486539973944156,0.8181818181818182,12162.362,50391.35,860702.0,175715.7000742857,0.0009738207,1.0020641,0.033004403,0.07518178499428571,0.49129176,1.0000196,4.1329193,1.5651294062857142,0.9990255,-0.002494957,0.96698564,0.9248133899714284,28008.648,33530.04,588248.25,141829.98114285714,5543.9365,11323.097,44726.016,17396.15653714286,2.2151475,2.0446676e-05,25.92556,6.488334048783313,0.9990255,-0.002494957,0.96698564,0.9248133899714284,7.78493070602417,14.98314323425293,3.110677774031956e-07,4.3904218306908245,45.37724964435284,1333.89350773738
gemma,siqa,12,0.36363636363636365,0.09174311926605512,49.102848090087065,2.73749662912869,0.15151515151515152,2075.2715,111620.5,678822.8,138276.99825714287,0.0005867481,1.0004267,0.031980395,0.07552653345312257,0.13635406,1.0000058,2.4660892,0.9724176405714287,0.999413,-0.0008531492,0.96801037,0.9244683701257145,24710.137,50088.348,582328.4,144001.0308,2223.6152,16867.033,39182.08,15970.573082857143,1.2800105,9.23039e-06,11.703761,2.9290752679708567,0.999413,-0.0008531492,0.96801037,0.9244683701257145,7.78719425201416,14.64799451828003,4.389345960476021e-07,4.513505761439983,47.35610771179199,1346.618919959435
gemma,siqa,13,0.3939393939393939,0.09785932721712547,8.128604619264166,1.287629407963866,0.30303030303030304,1546.9797,142879.53,612601.5,129937.80736285714,0.0005528927,1.0002804,0.03159231,0.07550099416,0.10405412,1.0000046,2.070647,0.8384368488571429,0.9994468,-0.0007244607,0.9683958,0.9244946049600001,27494.615,54073.28,579684.5,143453.03185714287,1874.9453,19090.648,36958.465,15525.85,1.2057049,7.2111834e-06,9.143489,2.2883213261998114,0.9994468,-0.0007244607,0.9683958,0.9244946049600001,7.784006118774414,14.196612358093262,6.851060192047953e-07,4.1939752743794365,47.81866807204027,1361.15134371244
gemma,siqa,14,0.42424242424242425,0.11009174311926614,8.3001594597295,1.293699849264386,0.2727272727272727,2565.3953,172268.9,559650.25,125931.71810000001,0.00066149235,0.99921614,0.031280637,0.07571535077156129,0.122032136,1.0000011,1.8024172,0.7529706178857144,0.9993383,0.00034193078,0.9687083,0.9242803234451429,32836.47,59131.215,577299.4,143975.14539999998,2429.9512,20965.594,35083.52,15258.000705714285,1.2450455,5.9808863e-06,7.583522,1.8979116539320087,0.9993383,0.00034193078,0.9687083,0.9242803234451429,7.790145874023437,13.018002462387084,2.243922688194289e-06,4.117701750535232,47.04927121675932,1363.791006234976
gemma,siqa,15,0.45454545454545453,0.04892966360856273,-18.282740571539165,0.35306807344446817,1.0,2954.604,214485.66,495452.66,124844.7905942857,0.0006532073,0.9992032,0.031325042,0.07584763008428572,0.11736831,1.0000007,1.5198556,0.6690498185714286,0.99934673,0.00034695503,0.9686625,0.924148388058,37377.812,67721.44,574494.75,145435.54062857144,2590.9766,23395.545,32653.568,15049.719254285712,1.2343557,4.8037487e-06,6.090959,1.5243712461918772,0.99934673,0.00034695503,0.9686625,0.924148388058,7.787557125091553,12.653665113449096,3.225650561944349e-06,4.503453502288232,46.22072894756611,1356.8895075871394
gemma,siqa,16,0.48484848484848486,0.07033639143730892,-13.204438354815888,0.5327630061511263,0.8787878787878788,3139.4604,264749.5,431076.66,128734.82175428572,0.00082451105,0.9979458,0.030655622,0.07597742598116314,0.10889526,0.999998,1.2760235,0.6034756455714285,0.99917537,0.0016059957,0.9693322,0.9240184540771428,45258.22,82113.98,568603.4,149368.19514285718,2589.9512,25986.521,30062.592,14975.691351428572,1.2104754,3.8917055e-06,4.934525,1.2349529679363573,0.99917537,0.0016059957,0.9693322,0.9240184540771428,7.785423755645752,11.974818420410156,6.3700053260618e-06,4.117485293975244,47.14576515784631,1365.7042846679688
gemma,siqa,17,0.5151515151515151,0.15596330275229353,-11.506642613270916,0.5928392439382163,0.7878787878787878,3993.9106,320476.06,372641.4,137949.26342,0.001058042,0.9989509,0.030742228,0.07614715108714286,0.11163521,0.9999997,1.0783199,0.5567813157142858,0.9989414,0.00059690175,0.9692455,0.9238489704957145,55671.918,99823.01,564633.8,154616.58837142854,2858.2402,28576.473,27472.64,15049.689894285715,1.2114594,3.2150224e-06,4.076518,1.02022144915704,0.9989414,0.00059690175,0.9692455,0.9238489704957145,7.790038108825684,11.557363510131836,9.786912346498868e-06,4.469821975781367,45.79568554804875,1346.831082857572
gemma,siqa,18,0.5454545454545454,-0.015290519877675855,2.4110209110976584,1.0853135992866507,0.45454545454545453,1206.6729,388241.94,313716.2,154251.92056,0.0008804798,0.99693894,0.030445576,0.07624749699428572,0.055749618,0.99999636,0.8989088,0.5240459112285714,0.99911934,0.002608593,0.96954185,0.9237486685714286,52838.875,118156.07,557924.0,160441.9401142857,1106.4316,31434.713,24614.4,15352.825980571428,1.0729672,2.6538423e-06,3.3649647,0.8421424783991227,0.99911934,0.002608593,0.96954185,0.9237486685714286,7.793220520019531,8.440858793258666,0.0002276384631841,4.014684319496155,46.06702657846304,1380.9010009765625
gemma,siqa,19,0.5757575757575758,-0.003058103975535171,-3.620712989887572,0.871881634983162,0.6363636363636364,1360.0375,416558.53,292045.4,162400.34510857146,0.0013234615,0.9949921,0.030101478,0.07640475573441842,0.057139248,0.99999344,0.83730626,0.5168246254285714,0.9986762,0.004569175,0.96988785,0.9235907151428572,65520.652,131334.02,554252.06,165987.6322857143,726.78516,32541.145,23507.969,15642.562687428568,1.0477086,2.4733677e-06,3.13613,0.7848725388385915,0.9986762,0.004569175,0.96988785,0.9235907151428572,7.790730476379394,7.19900414943695,0.0007868358152336,4.084485860971304,45.26090753995455,1371.177499624399
gemma,siqa,20,0.6060606060606061,0.006116207951070342,-13.154343909464757,0.5345355902948397,0.8484848484848485,1646.7051,436414.8,278123.84,168665.45116857145,0.0018582344,0.9935808,0.030057907,0.07686698990883686,0.061426304,0.9999911,0.7982991,0.5145128492571428,0.9981419,0.0060007772,0.969935,0.9231278487771429,76304.234,150972.0,549657.5,175901.51628571426,370.6875,33267.93,22781.184,15922.410700285714,0.9807629,2.36074e-06,2.9933228,0.7491324613556573,0.9981419,0.0060007772,0.969935,0.9231278487771429,7.793853759765625,5.283136796951294,0.005353312450461,4.287423253059387,46.958131496722885,1376.1985426682693
gemma,siqa,21,0.6363636363636364,0.009174311926605512,4.991000509257034,1.1766057753901318,0.3939393939393939,2536.1738,428038.3,283799.06,166138.84647714286,0.0019659996,0.99181074,0.030009449,0.07731569876857142,0.07697386,0.9999887,0.81425256,0.515755786742857,0.99803627,0.007744061,0.96997905,0.9226796323714286,82175.2,168525.27,546751.6,184707.92651428573,1383.6797,32897.242,23151.871,15761.970044571428,1.08737,2.4070446e-06,3.052035,0.7638262592450459,0.99803627,0.007744061,0.96997905,0.9226796323714286,7.793195247650146,2.919793725013733,0.0613721324596554,4.564549051798307,48.02866114102877,1380.1998760516826
gemma,siqa,22,0.6666666666666666,-0.003058103975535171,-1.1080979980352552,0.9607901249883061,0.5454545454545454,3000.1675,465393.66,258661.6,178131.45228285715,0.0021530986,0.99127215,0.029681444,0.07721671040285714,0.080289245,0.99998814,0.74550515,0.5130571466571427,0.99784815,0.008333825,0.9703162,0.9227783531714286,86508.25,183684.88,542457.0,191493.6092857143,1680.8965,34280.92,21768.191,16444.078299999997,0.90534765,2.2136387e-06,2.8068044,0.7024529091748487,0.99784815,0.008333825,0.9703162,0.9227783531714286,7.794262886047363,1.786556401848793,0.2096576713956892,4.304651755553025,47.582287274874176,1375.7579956054688
gemma,siqa,23,0.696969696969697,-0.003058103975535171,-17.77950336248619,0.3708750436792191,0.9696969696969697,3678.3828,421373.6,285746.8,163535.26111999998,0.0032494068,0.989384,0.028173745,0.07671473734857143,0.0934304,0.9999849,0.8234751,0.5153987613142856,0.99674916,0.010177754,0.97181636,0.9232803972571428,96996.83,180252.62,534372.9,187051.944,1762.0488,32600.025,23449.088,15661.06817542857,0.90137327,2.4450703e-06,3.1002505,0.7758929838998087,0.99674916,0.010177754,0.97181636,0.9232803972571428,7.801050662994385,1.332342877984047,0.3300317634711973,5.101659756440383,49.558657572819634,1352.1583017202524
gemma,siqa,24,0.7272727272727273,-0.003058103975535171,3.565396173762501,1.1261609880969674,0.42424242424242425,1386.0785,379818.88,315177.3,151785.85078285713,0.0017620325,0.9885578,0.026775599,0.0777549222915613,0.0604085,0.9999824,0.91092306,0.5285786305714286,0.99823755,0.010996429,0.97321427,0.9222404045428572,70066.64,203123.52,522533.66,197805.44554285714,250.625,30837.977,25211.137,15243.533114285714,1.0192283,2.7126057e-06,3.4394743,0.860789867967877,0.99823755,0.010996429,0.97321427,0.9222404045428572,7.800033092498779,0.0909802209527697,0.910317061841488,4.898702768179087,47.48328766456017,1386.4196120042068
gemma,siqa,25,0.7575757575757576,0.0,-4.239802153956408,0.8499752613706535,0.6666666666666666,5589.6606,387114.9,308033.94,153861.63133714287,0.003155589,0.989647,0.025837779,0.07829264464544887,0.120161675,0.9999844,0.8920159,0.5277267532857143,0.9968432,0.009918852,0.9741537,0.9217017622571428,104393.06,215785.06,512605.84,204016.37514285714,2646.0156,31088.602,24960.512,15283.603620571426,1.1817082,2.661431e-06,3.3745866,0.8445505626575714,0.9968432,0.009918852,0.9741537,0.9217017622571428,7.79866886138916,0.1684380678634625,0.8740077048540116,5.333308256589449,48.26291949932392,1375.6556208683894
gemma,siqa,26,0.7878787878787878,0.003058103975535171,1.0859667665695092,1.0384267648344665,0.5151515151515151,5214.9097,457455.7,253482.4,175498.46212285713,0.0030355453,0.99359834,0.023082435,0.07879481711455115,0.10676898,0.9999914,0.74438167,0.5179916757142857,0.9969638,0.0059750183,0.97691244,0.92119923138,110259.83,248119.4,486370.22,222487.26982857144,2284.289,33734.617,22314.496,16149.08740142857,1.1449183,2.2521895e-06,2.8556852,0.7146861855133858,0.9969638,0.0059750183,0.97691244,0.92119923138,7.798375606536865,0.2125166290235938,0.8710047692060471,5.28418153982896,44.54829509441669,1329.3548020582932
gemma,siqa,27,0.8181818181818182,-0.006116207951070342,2.376374396736683,1.0840876377741369,0.48484848484848486,5760.9443,523766.06,212204.3,199684.32654285716,0.0030802488,0.9934791,0.021985233,0.07987242281116314,0.10487564,0.99999213,0.6365096,0.5205960157142857,0.99691963,0.0060771764,0.97800714,0.9201216344685713,120382.09,285700.72,470339.75,248328.8548571428,2303.7422,36018.906,20030.207,17486.86899142857,1.137445,1.9671181e-06,2.4942262,0.6242246332276028,0.99691963,0.0060771764,0.97800714,0.9201216344685713,7.795986175537109,0.053207677793398,0.9451259702444076,6.670810733522687,56.754362378801616,1762.918247767857
gemma,siqa,28,0.8484848484848485,0.003058103975535171,-2.4133200709883944,0.9146050452988396,0.6060606060606061,32257.791,595789.5,173287.34,228892.43898,0.0032811165,0.99097353,0.020133317,0.08073090990013272,0.2326837,0.9999889,0.53930223,0.5278139974285714,0.9967233,0.008551223,0.97985697,0.9192657676857142,138119.0,322226.7,445638.0,273456.44085714285,8401.922,38322.65,17726.465,19000.75684285714,1.4761072,1.7294183e-06,2.1928325,0.5487954482348087,0.9967233,0.008551223,0.97985697,0.9192657676857142,7.795303821563721,0.0782479716988746,0.9278366044163704,5.532748597008841,54.1078142438616,1784.0482177734375
gemma,siqa,29,0.8787878787878788,-0.003058103975535171,12.901533248416648,1.4565187438534977,0.18181818181818182,6622.552,879344.9,78475.89,361797.3855142857,0.0020909905,0.9936411,0.016945481,0.07879098348000001,0.086782105,0.9999933,0.29873464,0.5572858861428571,0.99790925,0.005951369,0.98305565,0.9212032476857143,124019.54,359589.88,409205.06,301140.1474285715,2550.7812,46724.57,9324.543,25006.081611428574,1.1147704,1.1716074e-06,1.4855509,0.3717856134885542,0.99790925,0.005951369,0.98305565,0.9212032476857143,7.794476985931396,0.0717263994491077,0.924880537390709,5.211103541510446,55.1888850075858,1701.3266775948662
gemma,siqa,30,0.9090909090909091,-0.009174311926605512,9.079611396353885,1.3212806345982229,0.24242424242424243,6932.431,980275.1,57488.77,416036.6821142857,0.0028844476,0.9920492,0.015063703,0.079389751611694,0.084094085,0.99999225,0.24216656,0.5706638947142857,0.99711573,0.0075378884,0.98493683,0.9206039320971428,135640.78,392573.7,381088.4,327531.27228571434,2170.3672,49275.35,6773.7617,27093.895982857142,0.92334586,1.0509855e-06,1.332607,0.3335086916039286,0.99711573,0.0075378884,0.98493683,0.9206039320971428,7.7969207763671875,0.0256163224883493,0.968790340423584,6.729622568402972,61.23597226824079,1706.8131452287946
gemma,siqa,31,0.9393939393939394,-0.012232415902140683,5.921566165543297,1.2095336961497163,0.36363636363636365,25717.957,905095.6,63340.176,378206.9752571429,0.0063963532,0.9917574,0.012232006,0.08245352877142856,0.16856499,0.9999917,0.26453844,0.5644887422857142,0.99360573,0.007853665,0.9877752,0.9175398258571428,236165.28,427701.0,349772.72,358726.94742857147,5298.6875,47104.984,8944.129,25299.543879999997,1.2514547,1.1382359e-06,1.4432371,0.36119584974614,0.99360573,0.007853665,0.9877752,0.9175398258571428,7.799881935119629,0.0220172249290044,0.9686563372612,6.694862944739206,59.55864007132394,1763.705592564174
gemma,siqa,32,0.9696969696969697,0.003058103975535171,-1.2253257937318516,0.9566420377024253,0.5757575757575758,20520.203,1132814.1,20520.203,508568.2586857142,0.005888462,0.9870554,0.005888462,0.08574388510870416,0.134588,0.999988,0.134588,0.5989780482857142,0.99411047,0.012490238,0.99411047,0.9142485496571428,239484.33,526661.4,239484.33,449123.9671428572,3645.4414,52403.67,3645.4414,29864.693994285713,1.1532476,9.0953023e-07,1.1532476,0.2886207900953294,0.99411047,0.012490238,0.99411047,0.9142485496571428,7.801469802856445,0.0037160327963647,0.9944993197917938,5.380359309060233,52.88388660975865,1773.2186366489957
gemma,siqa,33,1.0,0.0,-10.757394166757056,0.61935128348039,0.7575757575757576,0.0,1306525.4,0.0,616257.2825428572,0.0,0.9904835,0.0,0.08926916045714287,0.0,0.99999225,0.0,0.6245364962857144,1.0,0.009022349,1.0,0.9107255268285714,0.0,599931.1,0.0,522840.1214285714,0.0,56049.113,0.0,33301.82423142857,1.0,7.886687e-07,1.0,0.25026784777704,1.0,0.009022349,1.0,0.9107255268285714,7.797416687011719,0.0031275599991204,0.9900173664093016,6.03019574710301,56.40591376168387,1774.219735281808
gemma,copa,0,0.0,0.34120734908136485,759936398.9010284,10268118.746912368,0.0,4.766159057617188,0.0,750.1886596679688,709043.8695288266,0.00107342004776,-1.1920928955078125e-06,0.9968390753492712,0.06116016206386331,0.0798007040363099,0.0,1.0011696459280617,25.105607242074193,0.9978516923475844,1.000000238418593,9.235879583383846e-06,0.9081465674143018,0.3385496735572815,0.0,1.664597749710083,35.08081271017299,88.0,0.0,1328.0,34670.58823529412,0.8835023370892929,0.9999999999986642,374.9631107668859,11.11317284625748,0.9989252686500548,1.0000001192092896,0.0030390589963644,0.9388472840176237,7.780056476593018,0.0168027896881103,0.0208445134162902,8.121435220424946,44.91180933438815,1211.4652181772085
gemma,copa,1,0.030303030303030304,0.05511811023622052,44.26992001662609,1.598166836112177,0.18181818181818182,119.33226013183594,4.766159057617188,848.9381713867188,706665.8347401338,0.0009618401527404,0.00107342004776,0.9977575284428896,0.059167575433521545,0.3753224731785809,0.0750084457260614,1.001069232448084,23.544782397280322,0.9980752202233276,0.9978516923475844,4.493764592642237e-06,0.9120497306292618,0.6205180883407593,0.3385496735572815,1.799139380455017,35.0025700821596,528.0,88.0,1416.0,34592.94117647059,0.5314064345406048,1.131858918779993,424.40534113555714,12.57854380199697,0.9990371465682985,0.9989252686500548,0.002119850134477,0.9408399273079875,7.79102087020874,0.017456913948059,0.0223258275985717,5.776016492110032,44.56921694828914,1236.7925602839543
gemma,copa,2,0.06060606060606061,0.036745406824147016,24.53878872954108,1.3315634997953945,0.24242424242424243,60.91596603393555,163.74441528320312,1595.9112548828125,692548.3080147014,0.001103401184082,0.0026391148567199,0.9981667023384944,0.05829569762093284,0.1954811398328062,0.3204959141822016,1.0005612439985203,16.948440563940743,0.9977938197373284,0.9947265951106524,2.926175813537237e-06,0.913761184571958,0.5060170888900757,0.8372618556022644,2.2280232906341557,34.84426673545557,392.0,616.0,1944.0,34158.117647058825,0.7077910825288819,2.129930774657938,798.6454689849303,23.670288849368372,0.998896300792694,0.997359812259674,0.0017106068553403,0.9417123079662869,7.791616439819336,0.0169327211380004,0.0068884488176554,5.726852343632625,44.80627896235539,1262.4962674654448
gemma,copa,3,0.09090909090909091,0.1259842519685039,20.321158066227355,1.2745756672260882,0.30303030303030304,2874.8447265625,414.15966796875,2254.07177734375,682203.4978973165,0.0056192278861999,0.0038938522338867,0.9982761228457092,0.050185491303529756,1.1297787917073907,0.428815102858505,1.0003915433943045,14.133646294971005,0.988802247506456,0.9922254389516674,2.534806184636748e-06,0.9294918127500316,1.876807451248169,1.091983199119568,2.43791937828064,34.72354719744009,2688.0,1008.0,2336.0,33858.35294117647,0.2226957087619278,3.009264777746164,1128.3632821864303,33.442479615292385,0.9943853616714478,0.996105134487152,0.001592107466422,0.9498191302854513,7.790175437927246,0.016828987121582,0.0028835385020356,5.962138451062716,48.43981023935172,1294.7584017240083
gemma,copa,4,0.12121212121212122,0.26771653543307083,384.9676413581759,6.201610392571409,0.030303030303030304,1545.288818359375,5442.189453125,10116.587890625,614499.1773753447,0.0011528730392456,0.0148333311080932,0.9985203301766888,0.039806964221711726,0.3908605272681911,0.733506026542513,1.0000777234585856,6.297155382649129,0.997693201602047,0.970564757307816,1.7232374851681786e-06,0.9498403245512137,1.4466270208358765,2.671794414520264,3.9413833618164062,33.93750240872888,1984.0,3696.0,5024.0,31960.941176470587,0.5200189822192784,13.51289970729931,5066.838909736659,150.17119010155992,0.9988459348678588,0.98517245054245,0.0013127214042469,0.9601870403755183,7.789792060852051,0.0159684388637542,2.4773968702155346e-12,4.863966171558086,44.5583261343149,1311.0332688551682
gemma,copa,5,0.15151515151515152,0.1417322834645669,16.612164423405403,1.2244604424492247,0.3333333333333333,677.3925170898438,12724.716796875,19453.29296875,568130.2589811437,0.0002972483634948,0.020384669303894,0.99865210079588,0.03637336282853909,0.1866121600573217,0.8088048978449691,1.0000373648894554,4.359174327926922,0.9994047574127904,0.959666399051006,1.3755610694731282e-06,0.9566564202328713,1.2905209064483645,3.689551591873169,4.914744853973389,33.39768845544142,1312.0,5680.0,7008.0,30677.176470588234,0.7124919280077107,25.985397013066297,9743.5652985449,288.78020848521436,0.9997023344039916,0.979625642299652,0.0011728431563824,0.9636213149094734,7.792312622070312,0.0153837571144104,2.677737733843688e-17,4.884904366273147,45.54414367675781,1310.154536320613
gemma,copa,6,0.18181818181818182,0.1233595800524934,14.698232981275822,1.1985997606398988,0.36363636363636365,2194.061767578125,19220.083984375,27302.76953125,539149.9163225959,0.0002566576004028,0.0233231782913208,0.9985566067043692,0.03533802291734468,0.2834859676675752,0.839044057394303,1.0000239464579364,3.587283618241357,0.9994862739576008,0.9539179892380254,1.601039994119128e-06,0.9587167547577006,1.857414484024048,4.470065116882324,5.634443759918213,33.03949747366064,2368.0,6992.0,8320.0,29905.41176470588,0.6081522798383565,36.47114583561167,13675.334295771974,405.31014757275756,0.999743103981018,0.9766872525215148,0.0012653220910578,0.9646568659158862,7.789812088012695,0.0143491992950439,4.012344493504176e-21,4.754792855336116,46.818819779616135,1333.2034020057092
gemma,copa,7,0.21212121212121213,0.02362204724409451,-22.75745497628811,0.6925055469714168,0.9090909090909091,3848.15380859375,34358.56640625,44894.0703125,490266.0628949334,0.0002030730247497,0.0267592668533325,0.9986038922797889,0.03468071572783891,0.2927772088937296,0.8748398675742852,1.0000127532045364,2.6808077682617615,0.9995921074137328,0.9472195684580242,1.4772417291765514e-06,0.9600411449147105,2.317986965179444,5.689864158630371,6.788762092590332,32.46829464155085,3136.0,9360.0,10688.0,28651.764705882353,0.5991937703851303,59.97041702335586,22486.694121094963,666.461610043586,0.9997960329055786,0.9732520580291748,0.0012154183350503,0.9653144186663934,7.791308403015137,0.0141232290267944,1.2270734216883496e-24,4.683915881010202,45.88876504164476,1338.944350022536
gemma,copa,8,0.24242424242424243,0.06299212598425202,-11.081349137209344,0.8502708938536707,0.7272727272727273,3106.29296875,61145.5078125,74925.203125,432274.4212287454,8.922815322875977e-05,0.0300574898719787,0.999453659169376,0.03448407951851974,0.2036160126066313,0.903384820719218,1.0000104359651971,1.9688981009578006,0.9998184524926366,0.9408139108800562,1.3012711092246304e-07,0.9604976397844792,2.183253765106201,7.3784027099609375,8.380491256713867,31.87405952986549,2816.0,12496.0,13824.0,27176.0,0.6908962649910058,100.08518110061328,37528.25084720323,1112.2639169215838,0.9999092221260072,0.9699556231498718,0.000360731355613,0.9655105981193415,7.790300846099853,0.0145077619552612,0.0071769375686872,4.743671784034143,45.356990374051605,1350.4205791766826
gemma,copa,9,0.2727272727272727,-0.013123359580052505,-19.660967811900058,0.7343446993685374,0.8787878787878788,6564.9169921875,91753.171875,108446.921875,386751.6585477941,7.414817810058594e-05,0.0320931077003479,1.0002765607787296,0.0345418942674501,0.246042670397725,0.9198275464931022,1.0000103154668456,1.5672677535545478,0.9998481331314366,0.9368689059314796,2.149030835593447e-07,0.9604419348033438,3.446467161178589,8.675603866577148,9.63361930847168,31.374500295695135,4096.0,15312.0,16640.0,26016.470588235294,0.6444722684855677,144.86281974894638,54318.213527600165,1609.8855548684332,0.9999240636825562,0.9679198861122132,-0.0004635764053091,0.965452733247623,7.784088134765625,0.0141057071685791,2.9823471843040508e-21,4.5058472615021925,47.52671813964844,1344.3387216421274
gemma,copa,10,0.30303030303030304,0.005249343832021002,-14.947306074972005,0.7980348105461127,0.8181818181818182,7851.4560546875,147335.4375,168271.1875,331550.2198414522,4.309415817260742e-05,0.0339159369468688,0.9990418156958184,0.034544293205459174,0.2160088536514385,0.9357284039562246,1.0000027290069244,1.1888785533054091,0.9999102374193888,0.93334444462673,5.921160659968205e-07,0.9603757886073815,3.815042972564697,11.257238388061523,12.153913497924805,30.85901458824382,4480.0,19408.0,20736.0,24570.823529411766,0.6765559903735244,224.77742927458416,84283.24411109435,2497.9904234692067,0.999955117702484,0.9660975337028505,0.0007694907835684,0.9654501727628111,7.789271354675293,0.0138283467292785,0.0008876980910863,4.311910675122188,45.34392723670373,1349.111088679387
gemma,copa,11,0.3333333333333333,-0.02624671916010501,-23.29362402391469,0.6852609316046028,0.9393939393939394,5028.28125,223136.65625,248715.03125,286219.7299230239,2.4497509002685547e-05,0.0352092981338501,0.9989232834195718,0.03463844813557119,0.1421868643249101,0.9471848243593568,1.0000008514369072,0.9261401165868147,0.9999489790748726,0.9308451360735184,7.911224781874225e-07,0.9601897754094535,3.348233461380005,13.613183975219728,14.487957954406738,30.36658506533679,3584.0,23888.0,25216.0,23253.176470588234,0.766802995574848,332.2377341607519,124576.89431522365,3692.215365782312,0.999974489212036,0.964803159236908,0.0008894506609067,0.9653561036479111,7.78493070602417,0.0138203506469726,1.5318160759152931e-40,4.3904218306908245,45.37724964435284,1333.89350773738
gemma,copa,12,0.36363636363636365,0.015748031496063006,-14.938314787390269,0.7981562991334723,0.7878787878787878,4682.1044921875,295060.8125,324352.34375,261232.40978285845,2.312660217285156e-05,0.035973310470581,0.9985268567688764,0.034689427750623364,0.1201467650669662,0.9537772883157172,0.9999993899798976,0.7821305040371076,0.99995219764617,0.9293722812131476,1.6536268662470816e-06,0.9600714877107731,3.441251754760742,15.271074295043944,16.115299224853516,30.003928752506482,3456.0,27472.0,28800.0,22409.882352941175,0.797303888996857,433.2765209291896,162462.7121100797,4815.0768673176135,0.9999760985374452,0.9640395641326904,0.0012859342386946,0.9653057831113555,7.78719425201416,0.0137453823089599,1.856936896447468e-14,4.513505761439983,47.35610771179199,1346.618919959435
gemma,copa,13,0.3939393939393939,-0.03149606299212601,-30.648699193924045,0.5858805387292729,0.9696969696969697,2578.51708984375,373940.40625,406809.5625,246648.2053940717,1.919269561767578e-05,0.0366831421852111,0.9986555201467128,0.034781234003329504,0.0796139890207924,0.9587499679232224,0.999999455300476,0.6799479313299203,0.9999576811499402,0.9280018766050128,1.341804730865088e-06,0.9599002228026983,3.436519145965576,17.22123908996582,18.061901092529297,29.840638371074903,2560.0,30928.0,32256.0,21800.0,0.8583934734715523,543.4270758096059,203765.10682079432,6039.199022816484,0.9999788403511048,0.9633285403251648,0.0011583629529923,0.9652135829811039,7.784006118774414,0.0131392111778259,6.306887791112703e-05,4.1939752743794365,47.81866807204027,1361.15134371244
gemma,copa,14,0.42424242424242425,0.02887139107611551,-30.858189703337267,0.5830499423522256,1.0,952.0162353515624,438392.09375,473915.5,241845.07489731733,2.753734588623047e-05,0.036985158920288,0.998017176054418,0.03479424948968428,0.0448199393742409,0.9617895897390244,0.999997869199554,0.6217344381716383,0.9999407538606456,0.9274169854944924,3.2339036672374627e-06,0.9598378087602785,4.244571685791016,18.78706932067871,19.605154037475582,29.79490426007439,1536.0,33488.0,34816.0,21498.823529411766,0.9172679195371436,633.0745661565358,237379.60867376844,7035.467078276445,0.9999703764915466,0.963024914264679,0.0017983057769015,0.9651999045197632,7.790145874023437,0.0120232620239257,0.0001342773437545,4.117701750535232,47.04927121675932,1363.791006234976
gemma,copa,15,0.45454545454545453,0.07611548556430453,-11.22833890627998,0.848284795729418,0.7575757575757576,767.7933349609375,479553.5,516655.25,241305.29734892002,0.0001101493835449,0.0374147295951843,0.9955099932849408,0.03472069289316145,0.038549549863306,0.9634187274435968,0.99999323328837,0.5930677799466614,0.9997760182882908,0.9265907135034156,1.854022606108071e-05,0.9598419211564057,6.317288875579834,21.30569267272949,22.08186149597168,30.237374053281897,1280.0,35024.0,36352.0,21408.470588235294,0.932775576924312,690.1741058119487,258789.82968634783,7670.02413190963,0.999888002872467,0.9625958204269408,0.0043058362789452,0.9652738079346497,7.787557125091553,0.0112958731651306,5.2822126213598955e-30,4.503453502288232,46.22072894756611,1356.8895075871394
gemma,copa,16,0.48484848484848486,0.04199475065616801,-16.828870299510598,0.7726114684955416,0.8484848484848485,5952.9638671875,515467.0,553872.5625,242044.0687866211,0.0001296401023864,0.0378594994544982,0.9868401624262332,0.03438298415173496,0.103669762898022,0.9646847570188164,0.9999769708229398,0.5724583869399212,0.9997387103076107,0.925734414713716,0.0001684159287619,0.9600150354921101,8.365181922912598,24.90312385559082,25.6032829284668,30.89186983949998,3840.0,36304.0,37632.0,21408.470588235294,0.8230452877450023,739.9144262414045,277440.6149651432,8222.796910271145,0.9998693466186525,0.9621509313583374,0.0129775162786245,0.9656115535317975,7.785423755645752,0.0115210056304931,0.0362480468750013,4.117485293975244,47.14576515784631,1365.7042846679688
gemma,copa,17,0.5151515151515151,0.002624671916010501,3.1695302648293198,1.0428260970375078,0.6363636363636364,3220.3369140625,630588.875,672933.9375,252719.49342256435,6.99758529663086e-05,0.0388107895851135,0.9774825759232044,0.034200928338310246,0.0691748898813551,0.967989552233726,0.999962732259873,0.5248626703221957,0.9998589803824453,0.9239044065445547,0.0004989888709301,0.9598476365229497,7.390191555023193,29.03360366821289,29.716960906982425,31.67875336198246,2816.0,40144.0,41472.0,21634.352941176472,0.8765964368244831,898.9960057588535,337090.3388867953,9990.69800010657,0.9999294877052308,0.9611994624137878,0.0223380587995052,0.9657941626056152,7.790038108825684,0.0109420223236083,4.124256491877997e-15,4.469821975781367,45.79568554804875,1346.831082857572
gemma,copa,18,0.5454545454545454,0.005249343832021002,7.00595413354975,1.0946631350686562,0.5151515151515151,1373.6483154296875,722434.0625,767657.5625,267995.9928517061,6.562471389770508e-05,0.0396579504013061,0.9716602172702552,0.03417754759464191,0.0422994817976474,0.970054289585672,0.9999555913409234,0.4990926436601349,0.9998674436631064,0.9222765431837984,0.0007930574733753,0.9595683824959579,7.86702823638916,31.31545639038086,31.944988250732425,31.99463781188516,1792.0,42960.0,44288.0,21965.647058823528,0.9234395587551296,1025.552886132543,384544.5004407301,11397.146486584395,0.9999337196350098,0.9603523015975952,0.0281612761318683,0.9658176176907385,7.793220520019531,0.0112947244644165,5.77315972812705e-17,4.014684319496155,46.06702657846304,1380.9010009765625
gemma,copa,19,0.5757575757575758,0.015748031496063006,11.241502389436832,1.1518930667801415,0.3939393939393939,678.8978881835938,784262.5625,831299.375,281021.09872795554,0.000146210193634,0.040549099445343,0.967740811407566,0.034239384400493914,0.0285760681491899,0.9712495866942658,0.9999511441953034,0.48671738001233217,0.999706528263701,0.9205669614033384,0.0010291552185584,0.9592295363128952,11.378583908081056,34.348236083984375,34.87534713745117,32.96216869354248,1024.0,44752.0,46080.0,22281.882352941175,0.9561230240701476,1110.579329647811,416426.2801987023,12342.060049873375,0.999853253364563,0.9594618082046508,0.0320804491639137,0.9657558143577155,7.790730476379394,0.0102046688497066,0.0380566406250002,4.084485860971304,45.26090753995455,1371.177499624399
gemma,copa,20,0.6060606060606061,-0.002624671916010501,-4.67389877048052,0.93684715854926,0.696969696969697,1848.9437255859373,821380.25,869433.3125,289788.5487437529,0.0001048445701599,0.0415304899215698,0.9610632732510568,0.0343080165193361,0.0461124897635974,0.9719166377095624,0.9999422100228308,0.4812765516234973,0.9997890106877918,0.9186843683895772,0.0015022812082622,0.9587230080564865,11.243841171264648,39.71942901611328,40.145469665527344,34.909610383650836,2048.0,45776.0,47104.0,22522.823529411766,0.9181384354681104,1161.544384654762,435536.2957645396,12908.443515285398,0.9998944997787476,0.9584802389144896,0.038759272545576,0.9656870675218456,7.793853759765625,0.0096347000673413,0.0095283203125169,4.287423253059387,46.958131496722885,1376.1985426682693
gemma,copa,21,0.6363636363636364,0.018372703412073508,4.636046840463237,1.0626413932888576,0.6060606060606061,1961.419921875,896790.875,946959.625,309481.7856983858,0.0001483559608459,0.0416372418403625,0.95813874527812,0.034276951213969856,0.0455086688524227,0.9730920718392878,0.999940104293082,0.4734950582985095,0.9997035484710216,0.9184821397653308,0.0017373895348669,0.9586217160915899,13.6541109085083,43.56559753417969,43.98236083984375,36.424796244677374,2048.0,47824.0,49152.0,23125.176470588234,0.9210957192774624,1265.108114183838,474368.8739514343,14059.365142146617,0.9998517632484436,0.9583747386932372,0.0416820049285888,0.9657181922127219,7.793195247650146,0.0088491992950439,0.0,4.564549051798307,48.02866114102877,1380.1998760516826
gemma,copa,22,0.6666666666666666,-0.005249343832021002,8.671669419261761,1.11716996683939,0.48484848484848486,1529.6246337890625,975782.0,1028064.875,332617.43549302046,0.0001240968704223,0.041817307472229,0.9540853574872016,0.03427020438453726,0.0385704695022801,0.974179106693555,0.999936653034106,0.4688293240871036,0.9997508681034476,0.918136231903418,0.0020919670680916,0.9584100096903356,12.984240531921388,47.75000762939453,48.172969818115234,38.342358981861786,1792.0,49872.0,51200.0,23848.0,0.9334107546834084,1373.4816997914495,515004.97073588,15263.739530974295,0.9998754262924194,0.9581942558288574,0.0457380264997482,0.9657252075917581,7.794262886047363,0.0090379247665405,0.0,4.304651755553025,47.582287274874176,1375.7579956054688
gemma,copa,23,0.696969696969697,0.0,-3.856857875727826,0.9478868615079492,0.6666666666666666,1363.0635986328125,1047283.1875,1101417.75,355415.9013743681,0.0001811981201171,0.0418660640716552,0.952390730381012,0.03424074194010561,0.0351766784751205,0.9750538765796006,0.99993673910846,0.4669255986988834,0.999637040654168,0.9180446252120332,0.0022496880590727,0.9583742089983531,15.474699020385742,50.7559814453125,51.14781951904297,39.64945263021133,1536.0,51664.0,52992.0,24585.882352941175,0.9437228565670152,1471.4654753011737,551745.2720057394,16352.650164344204,0.9998185038566588,0.9581464529037476,0.0474308766424655,0.9657543951316792,7.801050662994385,0.0092153469324111,0.0,5.101659756440383,49.558657572819634,1352.1583017202524
gemma,copa,24,0.7272727272727273,0.015748031496063006,24.8534975010201,1.3358157855474728,0.21212121212121213,3702.76611328125,1111374.5,1167078.125,377431.8708962833,0.0002263784408569,0.0423511266708374,0.9476362653076648,0.03433762633186926,0.0563227351800586,0.9757776879609504,0.9999321133555286,0.46733830511016344,0.9995474135477912,0.9171141968590888,0.0027236275579235,0.95792112259735,19.18876075744629,57.04182052612305,57.3779525756836,43.364778125987335,2816.0,53200.0,54528.0,25308.70588235294,0.9037543881654636,1559.2135604873752,584647.5669910391,17327.809801947886,0.9997736811637878,0.9576607942581176,0.0521883852779865,0.9656579017858294,7.800033092498779,0.0083134441375732,0.0,4.898702768179087,47.48328766456017,1386.4196120042068
gemma,copa,25,0.7575757575757576,0.002624671916010501,5.447804538678341,1.0736097106892206,0.5454545454545454,6698.8505859375,1232792.875,1291394.0,422076.1784955193,0.0002976655960083,0.0426489114761352,0.9430506676435472,0.034329259658560984,0.0720179188077702,0.9769791566111592,0.9999298252717024,0.47034992428852906,0.999404042370088,0.916551007729197,0.00322278644242,0.9576868216772368,24.171676635742188,63.16644287109375,63.47516632080078,46.366322349099555,3840.0,56016.0,57344.0,26799.529411764706,0.8776087349637305,1725.2625059474742,646909.796120402,19173.140433787215,0.999701976776123,0.957366704940796,0.0567695908248424,0.9656663321177749,7.79866886138916,0.0078357915878295,0.0,5.333308256589449,48.26291949932392,1375.6556208683894
gemma,copa,26,0.7878787878787878,-0.010498687664042003,54.23774962793337,1.7328502757764386,0.12121212121212122,10002.2685546875,1408937.75,1471495.0,493610.7093290441,0.0002272725105285,0.04316246509552,0.9392689876258372,0.0345596613033729,0.0824402862553336,0.9784442358183156,0.9999298050629798,0.4781959756502442,0.9995457449961442,0.9155680672595032,0.0036665177562336,0.9570237055093408,22.42262077331543,75.92700958251953,76.20120239257812,55.07777629179113,4864.0,59856.0,61184.0,29058.352941176472,0.8583065020276115,1965.8675184206936,737127.8000635863,21847.02552508161,0.999772846698761,0.956853210926056,0.0605517774820327,0.9654359383618131,7.798375606536865,0.0067759959697723,0.0,5.28418153982896,44.54829509441669,1329.3548020582932
gemma,copa,27,0.8181818181818182,-0.007874015748031503,4.84185326779739,1.065422211041494,0.5757575757575758,15495.775390625,1646877.5,1714475.375,599663.8051757812,0.0002018213272094,0.0429999232292175,0.9399657286703588,0.03452484057668373,0.0950633933912425,0.980025085675574,0.9999359710357812,0.4906828506087384,0.9995963980774292,0.9158882779289002,0.0035820710865947,0.9571326236846223,22.696290969848636,82.87998962402344,83.16365814208984,59.85246815400965,6144.0,64720.0,66048.0,32205.647058823528,0.8375030787692344,2290.4026868917404,858816.516386908,25453.640946994463,0.9997981786727904,0.9570205211639404,0.0598504059016704,0.9654719832846347,7.795986175537109,0.0065459157824516,0.0,6.670810733522687,56.754362378801616,1762.918247767857
gemma,copa,28,0.8484848484848485,0.007874015748031503,167.1907095792399,3.2590494344422716,0.09090909090909091,3373.43505859375,1973166.75,2047132.75,759678.4332203584,0.0001928210258483,0.042712926864624,0.9423147663474084,0.03445919011445602,0.0405918323504637,0.981712570580302,0.9999438853845892,0.510850298367719,0.9996143951282512,0.9164317488889004,0.0033066207035972,0.9573883625623293,22.00077438354492,88.35223388671875,88.62644958496094,64.20741215874168,2560.0,70864.0,72192.0,36552.544117647056,0.9329433399606912,2734.799124867261,1025448.7871841554,30392.29537448417,0.9998071789741516,0.9573044180870056,0.0575032234191894,0.965536587378558,7.795303821563721,0.0062449830770492,3.5619063254444234e-14,5.532748597008841,54.1078142438616,1784.0482177734375
gemma,copa,29,0.8787878787878788,0.010498687664042003,10.274183209392618,1.1388228318842941,0.42424242424242425,1367.1378173828125,2117709.5,2194320.5,834988.9538610121,0.0002229809761047,0.0426803231239318,0.9431320950388908,0.03444364995640861,0.0249593183332133,0.9823353549621464,0.9999460083661884,0.5226991444046549,0.9995532534895232,0.9165009066588006,0.0032129063405999,0.9574660988164221,22.791187286376957,91.29721069335938,91.5391082763672,66.59169516843907,1024.0,73424.0,74752.0,38831.529411764706,1.0275879564467596,2931.366791237814,1099154.4108427437,32576.78582684851,0.9997766017913818,0.9573405385017396,0.0566825047135353,0.9655530270846451,7.794476985931396,0.0044418668746948,0.0069775390625184,5.211103541510446,55.1888850075858,1701.3266775948662
gemma,copa,30,0.9090909090909091,0.010498687664042003,231.2807992116732,4.125022676028899,0.06060606060606061,2879.802001953125,2059839.375,2135386.5,804761.8624518899,0.0004734992980957,0.0428339838981628,0.9414451979100704,0.03453964071677007,0.0367213483089077,0.9820965727422948,0.9999433666557735,0.5176201951308423,0.999051795771777,0.9162040944675596,0.003407182338016,0.9571829818064901,33.02375793457031,94.16690063476562,94.374267578125,69.31755772758933,1536.0,72400.0,73728.0,37867.76470588235,1.0422555902095705,2852.6675238332164,1069645.0887216013,31702.187265306213,0.999525785446167,0.9571855068206788,0.0583710744976997,0.9654570609769401,7.7969207763671875,0.0032263062000274,9.325873406854648e-17,6.729622568402972,61.23597226824079,1706.8131452287946
gemma,copa,31,0.9393939393939394,0.007874015748031503,9.81317422379972,1.1325937651448958,0.45454545454545453,2616.6689453125,1974859.75,2048748.0,761321.658677045,0.0006069540977478,0.043785810470581,0.9364741817116736,0.034827361431191896,0.0357357840280292,0.9817409138474542,0.9999382985922988,0.5115836266029914,0.998786936745578,0.9143745298486152,0.0040128599516343,0.9563404364697061,36.32347869873047,99.19061279296876,99.2967300415039,74.54841232299805,512.0,70864.0,72192.0,36552.544117647056,0.98549743076577,2737.013406912616,1026279.061267998,30416.90307358459,0.9993932843208312,0.956229329109192,0.0633471384644508,0.9651676655253943,7.799881935119629,0.0022341613769531,0.0,6.694862944739206,59.55864007132394,1763.705592564174
gemma,copa,32,0.9696969696969697,0.005249343832021002,21.548692381026623,1.291161880099905,0.2727272727272727,2078918.625,2004548.75,2078918.625,777578.1668629366,0.933283381164074,0.0444647073745727,0.933283381164074,0.035209448679405064,0.999934571926374,0.9818868107176404,0.999934571926374,0.5158079636324278,0.0044270147571021,0.913084602239124,0.0044270147571021,0.9554139484331214,105.31884765625,105.3708038330078,105.31884765625,82.67627514109893,72704.0,71376.0,72704.0,36964.23529411765,1041381.7725232816,2777.2912657781853,1041381.7725232816,30864.517881035426,0.0665358155965805,0.9555546045303344,0.0665358155965805,0.9647876423071412,7.801469802856445,-0.0008901928067207,0.00089453125,5.380359309060233,52.88388660975865,1773.2186366489957
gemma,copa,33,1.0,-0.015748031496063006,54.12212837183358,1.7312880231018786,0.15151515151515152,0.0,750.1886596679688,0.0,745585.1383990119,0.0,0.9968390753492712,0.0,0.946169128502815,0.0,19.387324523663025,0.0,503.7042712649241,1.000000476837215,9.235879583383846e-06,1.000000476837215,0.03063779037264034,0.0,1.664597749710083,0.0,35.73211156971314,0.0,1328.0,0.0,35920.470588235294,0.9999999994991182,0.0026669290145703,0.9999999994991182,0.02963804310765956,1.000000238418579,0.0030390589963644,1.000000238418579,0.05366176763730914,7.797416687011719,-0.0040291810035705,1.979078125,6.03019574710301,56.40591376168387,1774.219735281808
