prompt,target
"Question: A revolving door is convenient for two direction travel, but it also serves as a security measure at a what?
Choices: A) bank B) library C) department store D) mall E) new york
Answer:",A
"Question: What do people aim to do at work?
Choices: A) complete job B) learn from each other C) kill animals D) wear hats E) talk to each other
Answer:",A
"Question: Where would you find magazines along side many other printed works?
Choices: A) doctor B) bookstore C) market D) train station E) mortuary
Answer:",B
"Question: Where are  you likely to find a hamburger?
Choices: A) fast food restaurant B) pizza C) ground up dead cows D) mouth E) cow carcus
Answer:",A
"Question: James was looking for a good place to buy farmland.  Where might he look?
Choices: A) midwest B) countryside C) estate D) farming areas E) illinois
Answer:",A
"Question: What island country is ferret popular?
Choices: A) own home B) north carolina C) great britain D) hutch E) outdoors
Answer:",C
"Question: In what Spanish speaking North American country can you get a great cup of coffee?
Choices: A) mildred's coffee shop B) mexico C) diner D) kitchen E) canteen
Answer:",B
"Question: What do animals do when an enemy is approaching?
Choices: A) feel pleasure B) procreate C) pass water D) listen to each other E) sing
Answer:",D
"Question: Reading newspaper one of many ways to practice your what?
Choices: A) literacy B) knowing how to read C) money D) buying E) money bank
Answer:",A
"Question: What do people typically do while playing guitar?
Choices: A) cry B) hear sounds C) singing D) arthritis E) making music
Answer:",C
"Question: What would vinyl be an odd thing to replace?
Choices: A) pants B) record albums C) record store D) cheese E) wallpaper
Answer:",E
"Question: If you want harmony, what is something you should try to do with the world?
Choices: A) take time B) make noise C) make war D) make peace E) make haste
Answer:",D
"Question: Where does a heifer's master live?
Choices: A) farm house B) barnyard C) stockyard D) slaughter house E) eat cake
Answer:",A
"Question: Aside from water and nourishment what does your dog need?
Choices: A) bone B) charm C) petted D) lots of attention E) walked
Answer:",D
"Question: Janet was watching the film because she liked what?
Choices: A) erection B) laughter C) being entertained D) fear E) bordem
Answer:",C
"Question: What are you waiting alongside with when you're in a reception area?
Choices: A) motel B) chair C) hospital D) people E) hotels
Answer:",D
"Question: When drinking booze what can you do to stay busy?
Choices: A) reach tentative agreement B) stay in bed C) stop bicycle D) examine thing E) suicide
Answer:",D
"Question: A fencing thrust with a sharp sword towards a person would result in what?
Choices: A) injury B) small cuts C) fever D) competition E) puncture wound
Answer:",E
"Question: Unlike a spider and his many sight seers, people only have what?
Choices: A) tongues B) names C) brains D) feelings E) two eyes
Answer:",E
"Question: Where do adults use glue sticks?
Choices: A) classroom B) desk drawer C) at school D) office E) kitchen drawer
Answer:",D
"Question: What could go on top of wood?
Choices: A) lumberyard B) synagogue C) floor D) carpet E) hardware store
Answer:",D
"Question: The artist was sitting quietly pondering, then suddenly he began to paint when what struck him?
Choices: A) sadness B) anxiety C) inspiration D) discomfort E) insights
Answer:",C
"Question: Though the thin film seemed fragile, for it's intended purpose it was actually nearly what?
Choices: A) indestructible B) durable C) undestroyable D) indestructible E) unbreakable
Answer:",D
"Question: Where could you find a toilet that only friends can use?
Choices: A) rest area B) school C) stadium D) apartment E) hospital
Answer:",D
"Question: What is someone who isn't clever, bright, or competent called?
Choices: A) clumsy B) ineffectual C) dull D) clumsy E) stupid
Answer:",E
"Question: When wildlife reproduce we often refer to what comes out as what?
Choices: A) raise children B) have children C) photo copy D) offspring E) accidently got pregnant somehow
Answer:",D
"Question: The weasel was becoming a problem, it kept getting into the chicken eggs kept in the what?
Choices: A) forrest B) barn C) public office D) out of doors E) freezer
Answer:",B
"Question: Blue read material outside of his comfort zone because he wanted to gain what?
Choices: A) new perspective B) entertained C) understanding D) hunger E) tired eyes
Answer:",A
"Question: After he got hired he hoped for success at his what?
Choices: A) vocation B) new job C) michigan D) working hard E) manual
Answer:",B
"Question: Committing perjury is a serious what?
Choices: A) indictment B) crime C) violence D) lie E) go to jail
Answer:",B
"Question: If you are prone to postpone work what will you have to do in order to finish on time?
Choices: A) eat B) hasten C) antedate D) bring forward E) advance
Answer:",B
"Question: James wanted to find an old underground map from the 50s.  Where might he look for one?
Choices: A) library B) subway station C) county engineer's office D) super market E) home
Answer:",A
"Question: Sean was in a rush to get home, but the light turned yellow and he was forced to do what?
Choices: A) take time B) dawdle C) go slowly D) ocean E) slow down
Answer:",E
"Question: Where would a person be doing when having to wait their turn?
Choices: A) have patience B) get in line C) sing D) stand in line E) turn left
Answer:",D
"Question: She was always helping at the senior center, it brought her what?
Choices: A) satisfaction B) heart C) feel better D) pay E) happiness
Answer:",E
"Question: The lock kept the steering wheel from moving, but the thief still took his chances and began to work on the what?
Choices: A) keep cloesd B) train C) ignition switch D) drawer E) firearm
Answer:",C
"Question: Who is a police officer likely to work for?
Choices: A) beat B) direct traffic C) city D) street E) president
Answer:",C
"Question: If you have leftover cake, where would you put it?
Choices: A) quandry B) refrigerator C) oven D) night stand E) bakery
Answer:",B
"Question: A human wants to submerge himself in water, what should he use?
Choices: A) whirlpool bath B) coffee cup C) cup D) soft drink E) puddle
Answer:",A
"Question: Where is a doormat likely to be in front of?
Choices: A) facade B) front door C) doorway D) entrance porch E) hallway
Answer:",B
"Question: Bob the lizard lives in a warm place with lots of water.  Where does he probably live?
Choices: A) rock B) tropical rainforest C) jazz club D) new mexico E) rocky places
Answer:",B
"Question: August needed  money because he was afraid that he'd be kicked out of his house.  What did he need money to do?
Choices: A) control people B) pay bills C) hurt people D) buy food E) get things
Answer:",B
"Question: He needed more information to fix it, so he consulted the what?
Choices: A) chickens B) google C) newspaper D) online E) manual
Answer:",E
"Question: Where can you put a picture frame when it's not hung vertically?
Choices: A) art show B) wall C) newspaper D) car E) table
Answer:",E
"Question: James knew that he shouldn't have been buying beer for minors.  He didn't even get paid for it.  Why was this bad?
Choices: A) lose money B) fun C) have no money D) broken law E) relaxation
Answer:",D
"Question: What is the result of applying for  job?
Choices: A) anxiety and fear B) increased workload C) praise D) less sleep E) being employed
Answer:",E
"Question: What must someone do before they shop?
Choices: A) get money B) have money C) bring cash D) go to market E) bring cash
Answer:",A
"Question: Because John was first violin, he had to bring something important to work ever day. What did he need to bring to work?
Choices: A) music store B) obesity C) symphony orchestra D) ochestra E) violin case
Answer:",E
"Question: What is a place that usually does not have an elevator and that sometimes has a telephone book?
Choices: A) at hotel B) kitchen C) library D) telephone booth E) house
Answer:",E
"Question: Who is likely to be excited about a crab?
Choices: A) fish market B) pet shop C) fishmongers D) intertidal zone E) obesity
Answer:",C
"Question: Where can a human find clothes that aren't pants?
Choices: A) pants shop B) on planet earth C) dress shop D) school E) train wreck
Answer:",C
"Question: If I was getting drunk, and people couldn't understand me, what might I be having?
Choices: A) a seizure B) slurred speech C) death D) forgetfulness E) pass out
Answer:",B
"Question: When a person is beginning work, what are they building?
Choices: A) time B) accomplishing C) working D) momentum E) tiredness
Answer:",D
"Question: A child wants to play, what would they likely want?
Choices: A) fall down B) breathe C) play tag D) be dismembered by a chainsaw E) become adult
Answer:",C
"Question: Talking to the same person about the same thing over and over again is something someone can what?
Choices: A) social life B) friendship C) eye contact D) get tired of E) learn lessons from
Answer:",D
"Question: The teacher doesn't tolerate noise during a test in their what?
Choices: A) movie theatre B) bowling alley C) factory D) store E) classroom
Answer:",E
"Question: The freeway had no traffic and few buildings, where is it?
Choices: A) california B) countryside C) big town D) florida E) america
Answer:",B
"Question: Where would you go if you wanted to have fun with a few people?
Choices: A) watching television B) good C) cinema D) friend's house E) fairgrounds
Answer:",D
"Question: If there is a place that is hot and arid, what could it be?
Choices: A) bland B) lifeless C) sandy D) neutral E) freezing
Answer:",B
"Question: What is likely to satisfy someone's curiosity?
Choices: A) hear news B) read book C) see favorite show D) comedy show E) go somewhere
Answer:",A
"Question: If you are in a bar in a glove shaped state where are you?
Choices: A) in my pocket B) michigan C) new york city D) restaurant E) public house
Answer:",B
"Question: Where would a computer user be using their own computer?
Choices: A) hell B) school C) indoors D) internet cafe E) house
Answer:",E
"Question: Crabs live in what sort of environment?
Choices: A) maritime B) bodies of water C) saltwater D) galapagos E) fish market
Answer:",C
"Question: Where can you find a snake in tall grass?
Choices: A) tree B) in a jar C) pet shops D) feild E) tropical forest
Answer:",D
"Question: What is a place that has a bench nestled in trees?
Choices: A) state park B) bus stop C) bus depot D) statue E) train station
Answer:",A
"Question: Where is a human likely to go as a result of being hungry?
Choices: A) eat in restaurant B) make bread C) have lunch D) cook dinner E) friends house
Answer:",A
"Question: He was beginning to regret taking the fight when he saw how what his opponent was?
Choices: A) fun B) joy C) satisfaction D) confident E) pride
Answer:",D
"Question: Where would you find a single shower curtain being used?
Choices: A) bathtub B) washing area C) hotel D) shower stall E) department store
Answer:",A
"Question: Where is a good idea but not required to have a fire extinguisher?
Choices: A) school bus B) boat C) house D) hospital E) school
Answer:",C
"Question: What continent has the most castles?
Choices: A) fairy tale B) edinburgh C) germany D) europe E) antarctica
Answer:",D
"Question: If you have to read a book that is very dry and long you may become what?
Choices: A) have time B) boring C) learn new D) enjoyable E) bored
Answer:",E
"Question: Sally used a clipboard to hold her papers while she read off names at the beginning of the day.  Where might she work?
Choices: A) desk B) windows 95 C) office supply store D) see work E) school
Answer:",E
"Question: The kids didn't clean up after they had done what?
Choices: A) learn things B) play games C) disneyland D) play with toys E) talking
Answer:",D
"Question: Despite the name a pawn can be quite versatile, all the parts are important in a what?
Choices: A) chess game B) scheme C) chess set D) checkers E) north carolina
Answer:",A
"Question: What would not be true about a basketball if it had a hole in it but it did not lose its general shape?
Choices: A) punctured B) popular in america C) full of air D) gone E) round
Answer:",C
"Question: If you are awaking multiple times throughout the night because a lot is on your mind, what is a likely cause?
Choices: A) irritability B) depression C) getting out of bed D) happiness E) discomfort
Answer:",B
"Question: Where does a wild bird usually live?
Choices: A) cage B) sky C) countryside D) desert E) windowsill
Answer:",C
"Question: Where would you expect to find white mice?
Choices: A) bell cat B) bush C) attic D) countryside E) laboratory
Answer:",E
"Question: John felt that his actions were fate.   Harry said that he could have always made a different what?
Choices: A) free will B) choice C) will D) alcohol E) freedom
Answer:",B
"Question: What could committing murder prevent someone from doing?
Choices: A) go to jail B) cry C) find god D) guilty conscience E) problems
Answer:",C
"Question: George didn't have a car, but he still had his two feet.   His socks were smelly and his soles were blistered, but that didn't matter.  He could still do what?
Choices: A) michigan B) walk C) stay still D) stink E) hands
Answer:",B
"Question: A crane uses many a steel cable when working a what?
Choices: A) abaft B) ship C) winch D) construction site E) building
Answer:",D
"Question: What is the main purpose of farmers?
Choices: A) raise cattle B) grow corn C) farm land D) drive tractors E) supply food
Answer:",E
"Question: Where can I put this penny to save for later?
Choices: A) piggy bank B) wallet C) toy D) ground E) pocket
Answer:",A
"Question: Where would you put uncooked crab meat?
Choices: A) wharf B) red lobster C) tidepools D) boss's office E) stew pot
Answer:",E
"Question: The man had a fear of illness, so he never visited friends who were a what?
Choices: A) sick person B) hospital C) elderly person D) graveyard E) doctor's office
Answer:",A
"Question: Where would you put pans if you want to bring them with you?
Choices: A) cooking B) cook food C) kitchen D) backpack E) drawer
Answer:",D
"Question: If you're remembering something, it's because of your what of it to begin with?
Choices: A) knowledge B) knowing C) forgetful D) pleasure E) depression
Answer:",B
"Question: Which large land mass is home to the most monkeys?
Choices: A) amazon basin B) friend's house C) lift number 3 D) research laboratory E) african continent
Answer:",E
"Question: Friday was James's 5th Anniversary.  They planned on going to bed early so that they could spend a long time doing what?
Choices: A) rest B) insomnia C) making love D) sleeping in E) texting
Answer:",C
"Question: The teens were trying to hide that they get drink, but when they walked in the door their what gave it away?
Choices: A) health B) fall down C) stagger D) get arrested E) vomit
Answer:",C
"Question: You'll find a landing at the top of what?
Choices: A) ocean B) apartment building C) stairwell D) airport E) room
Answer:",C
"Question: Anybody could be hired in the kitchen, what was needed of them?
Choices: A) forget B) oil squeaky hinge C) question authority D) wash dishes E) oik squeaky hinge
Answer:",D
"Question: Where can you find a number of wind instruments together in public?
Choices: A) music store B) create music C) zoo D) music room E) symphony
Answer:",E
"Question: A mountie got off at a subway stop.  What city might he be in?
Choices: A) urban area B) metropolis C) chicago D) new york city E) toronto
Answer:",E
"Question: What do you want someone to do when you illustrate point?
Choices: A) did not understand B) accepting C) make clear D) understood E) understanding
Answer:",E
"Question: Billy set aside a block of time for having fun after work. Why might he do this?
Choices: A) happiness B) stress relief C) pleasure D) ocean E) may laugh
Answer:",B
"Question: The man in the white suit was very lazy.  He did nothing useful.  Meanwhile, the ban in the blue had put in effort and was very what?
Choices: A) restless B) active C) lazybutt D) productive E) hard work
Answer:",D
"Question: What would you be unable to do if you have too much greed?
Choices: A) keep things B) make friends C) play poker D) conquer opponent E) lie
Answer:",B
"Question: It was a long trip from the farm, so he stayed in a hotel when he arrived at the what?
Choices: A) bed away from home B) wwii bunker C) resort D) las vegas E) city
Answer:",E
"Question: I did not need a servant.  I was not a what?
Choices: A) freedom B) rich person C) hired help D) in charge E) busy
Answer:",B
"Question: How would you get from one side of a canal to another?
Choices: A) michigan B) amsterdam C) venice D) bridge E) barges to travel on
Answer:",D
"Question: When learning about the world and different cultures, what is important if you are committed to eliminating preconceived notions
Choices: A) newness B) loss of innocence C) enlightenment D) open mind E) smartness
Answer:",D
"Question: An underrated thing about computers is how they manage workflow, at one time it was a big deal when they could first do what?
Choices: A) share files B) do arithmetic C) turn on D) cost money E) multitask
Answer:",E
"Question: Obstructing justice is sometimes an excuse used for police brutality which causes what in people?
Choices: A) committing perjury B) prosecution C) attack D) getting hurt E) riot
Answer:",D
"Question: While washing clothes they became what when caught on the sharp object?
Choices: A) damaged B) wet clothes C) wear out D) torn E) have fun
Answer:",D
"Question: Seafood restaurants are used to draw tourists where?
Choices: A) maine B) shoe shop C) city D) boston E) coastal cities
Answer:",E
"Question: James's nice asked him about her grandfather. She was interested in learning about what?
Choices: A) family tree B) family reunion C) babysitting D) brother's house E) heirlooms
Answer:",A
"Question: James looked up and saw the start twinkling in the black yonder.  He marveled the sheer number of them and the size of what?
Choices: A) universe B) orbit C) night sky D) outer space E) his wallet
Answer:",A
"Question: What would encourage someone to continue playing tennis?
Choices: A) becoming tired B) tennis elbow C) exercise D) hunger E) victory
Answer:",E
"Question: James found the sound relaxing.   It was so relaxing he almost did what despite his efforts?
Choices: A) deep breathing B) worried C) fall asleep D) invigorating E) feeling good
Answer:",C
"Question: What regions of a town would you have found a dime store?
Choices: A) commercial building B) old movie C) small neighborhood D) past E) mall
Answer:",C
"Question: Where might an unused chess set be stored?
Choices: A) toy store B) michigan C) living room D) attic E) cupboard
Answer:",E
"Question: james told his son to settle down and be careful.  There were many frogs mating in the area, and James didn't want his son to do what to them?
Choices: A) wander B) migrate C) scare D) disturb E) agitate
Answer:",D
"Question: A man wants air conditioning while we watches the game on Saturday, where will it likely be installed?
Choices: A) car B) house C) offices D) park E) movie theatre
Answer:",B
"Question: What could be playing a balailaika?
Choices: A) movie dr B) orchestra C) music store D) cat E) symphony
Answer:",B
"Question: Sailors drive many different types of boats, what type of boat involves their namesake.
Choices: A) coming home B) row boat C) board ship D) inflatable raft E) sail boat
Answer:",E
"Question: Where could a person avoid the rain?
Choices: A) bus stop B) tunnel C) synagogue D) fairy tale E) street corner
Answer:",C
"Question: Why would a person like to have a large house?
Choices: A) have choice B) mentally challenged C) own house D) obesity E) lots of space
Answer:",E
"Question: Where will a cheap book be found?
Choices: A) bookstore B) classroom C) discount store D) school room E) bedside table
Answer:",C
"Question: John and James are idiots. They bought two tickets to the Falcons vs the Jets even though neither wanted to see the what?
Choices: A) internet cafe B) sporting event C) pressing wrong buttons D) obesity E) hockey game
Answer:",B
"Question: James noticed that his penis was bigger. .  How might he act toward his plastic surgeon?
Choices: A) accidental B) detestable C) effusive D) enabled E) apathetic
Answer:",C
"Question: Who do professors work with?
Choices: A) methods of facts B) teach courses C) wear wrinkled tweed jackets D) school students E) state facts
Answer:",D
"Question: Colorful anemone look somewhat like what object you find on window sills?
Choices: A) intertidal zone B) coral sea C) under water D) flower bed E) florida keys
Answer:",D
"Question: From where do aliens arrive?
Choices: A) outer space B) weekly world news C) roswell D) universe E) mars
Answer:",A
"Question: The hikers stopped to have a drink, simply put they what?
Choices: A) had a party B) were thirsty C) refreshment D) getting drunk E) celebrating
Answer:",B
"Question: When you get up in the morning before you begin work you should do what?
Choices: A) apply for job B) sleep C) concentrate D) shower E) just do
Answer:",D
"Question: The kitten had nothing to dig it's claws into, so when it tried to stop it slid across what?
Choices: A) living room B) floor C) warm place D) carpet E) farmhouse
Answer:",B
"Question: If a person is trying to keep something in their hand what should they do?
Choices: A) complete collection B) own house C) procrastinate D) explode E) have to hold
Answer:",E
"Question: Where could you find hundreds of thousands of home?
Choices: A) field B) neighborhood C) star can D) city or town E) apartment building
Answer:",D
"Question: Playing baseball is a lot like any other sport, there is always a risk of what?
Choices: A) sore muscles B) errors C) happiness D) injury E) fun
Answer:",D
"Question: If I want to watch a movie without leaving my home what might I use?
Choices: A) drive in movie B) drive in movie C) television D) video store E) show
Answer:",C
"Question: The victim was to take stand today, they were going to do what?
Choices: A) testify B) runaway C) witness D) tell truth E) go home
Answer:",A
"Question: What does a successful dog grooming session likely to make a owner feel?
Choices: A) cleanliness B) mistakes C) growth D) satisfaction E) late
Answer:",D
"Question: The runner was in third place, but he pushed harder and thought he might be able to reach second.  What was beginning to do?
Choices: A) near finish line B) finish C) get tired D) gain ground E) trip over
Answer:",D
"Question: The tourist entered Mammoth cave, what state were they in?
Choices: A) west virginia B) kentucky C) rocky hills D) scotland E) canyon
Answer:",B
"Question: What does someone typically feel when applying for a job?
Choices: A) horror B) anxiety and fear C) rejection D) increased workload E) being employed
Answer:",B
"Question: He was on trial for obstructing justice, during which he made a questionable comment and was also found guilty of what?
Choices: A) prosecution B) getting hurt C) sweat D) steam E) committing perjury
Answer:",E
"Question: What kind of feelings does buying presents for others create?
Choices: A) tears B) please C) like D) thank E) make happy
Answer:",E
"Question: What green area is a marmot likely to be found in?
Choices: A) countryside B) great plains C) encyclopedia D) jungle E) north america
Answer:",A
"Question: Jan tested the current, and noticed that it was high.  He thought that the wires might have too much what?
Choices: A) later B) updated C) still D) resistance E) now
Answer:",D
"Question: What does a kindergarten teacher do before nap time?
Choices: A) lower expectations B) encourage C) fear D) time test E) tell story
Answer:",E
"Question: Sam was a stranger.  Even so, Mark treated him like what?
Choices: A) friend B) family C) known person D) park E) outsider
Answer:",B
"Question: Bob's only light source was a small bulb.  There were four walls, if there was a door he couldn't see it.  What was Bob in?
Choices: A) closed room B) sky C) dard D) his grave E) house
Answer:",A
"Question: James thought of criminal justice like a computer program.  It need to work right.   What ideas might James not like?
Choices: A) manual B) process information C) power down D) control model E) reason exists
Answer:",D
"Question: With the card slot lit up he knew how to get started finding his balance with what?
Choices: A) slot machine B) ticket machine C) bank machine D) telephone E) automated teller
Answer:",E
"Question: To play sports professionally you must do what very often?
Choices: A) wash your clothes B) get in shape C) practice D) take off uniform E) stretch
Answer:",C
"Question: Some people prefer releasing energy through work while others prefer to release it through what?
Choices: A) motion B) stretch C) exercise D) movement E) muscles
Answer:",C
"Question: What will a person going for a jog likely be wearing?
Choices: A) grope B) acknowledgment C) comfortable clothes D) ipod E) passionate kisses
Answer:",C
"Question: The child pretended he was reading newspaper, he couldn't actually do it without what?
Choices: A) patience B) falling down C) literacy D) buying E) knowing how to read
Answer:",E
"Question: Jenny enjoyed helping people.  It brought her a great deal of what?
Choices: A) satisfaction B) complications C) train D) feel good about yourself E) enjoyment
Answer:",A
"Question: What might someone believe in if they are cleaning clothes?
Choices: A) feminism B) sanitation C) ruined D) wrinkles E) buttons to fall off
Answer:",B
"Question: Where would you find a basement that can be accessed with an elevator?
Choices: A) eat cake B) closet C) church D) office building E) own house
Answer:",D
"Question: In order to learn to program from another person you can do what?
Choices: A) learn how to B) have a friend C) knowledge D) take class E) have computer
Answer:",D
"Question: He was at the gym trying to build muscle, what is it called that he is trying to build muscle on?
Choices: A) body of animal B) arm C) bodybuilder D) body of dog E) human body
Answer:",E
"Question: What part of plants is pretty?
Choices: A) dirt B) no neurons in C) millions of cells D) flowers on E) roots
Answer:",D
"Question: The man was going fishing instead of work, what is he seeking?
Choices: A) food B) relaxation C) killing D) missing morning cartoons E) boredom
Answer:",B
"Question: What could you get an unsmooth pit from?
Choices: A) backyard B) rock C) mine D) cherry E) peach
Answer:",E
"Question: The man tried to reply to the woman, but he had difficulty keeping track of conversations that he didn't do what to?
Choices: A) initiate B) ignore C) question D) answer E) ask
Answer:",A
"Question: I couldn't find anybody who recalled the event, what were they adroit at doing?
Choices: A) question authority B) act fool C) wash dishes D) act innocent E) forget
Answer:",E
"Question: Where would you find a large dining room containing a fancy chandelier?
Choices: A) mansion B) every house C) own home D) table E) restaurant
Answer:",A
"Question: The extremely large cargo plane could only land at a specialized runway, these were only located at a what?
Choices: A) back yard B) bowling alley C) city D) military base E) fashion show
Answer:",D
"Question: The carpet was smelly and discouraged the league from playing there, where was this smelly carpet installed?
Choices: A) bedroom B) movie theater C) bowling alley D) church E) office
Answer:",C
"Question: How can someone be let into a brownstone?
Choices: A) brooklyn B) ring C) subdivision D) bricks E) new york city
Answer:",B
"Question: Where would someone purchase an upright piano?
Choices: A) music class B) college C) music store D) music room E) music band
Answer:",C
"Question: Where would you keep an ottoman near your front door?
Choices: A) living room B) parlor C) furniture store D) basement E) kitchen
Answer:",A
"Question: Diving into backyard pools can be very dangerous and can lead to serious head and what?
Choices: A) going somewhere B) splats C) cancer D) getting wet E) spinal injuries
Answer:",E
"Question: Where would one find a snake in a cage?
Choices: A) tropical forest B) oregon C) woods D) pet store E) louisiana
Answer:",D
"Question: Where are people likely to become impatient?
Choices: A) end of line B) buildings C) apartment D) neighbor's house E) address
Answer:",A
"Question: When you fail to finish something, you failed at doing what to it
Choices: A) winning B) passing C) completing D) do well E) succeeding
Answer:",C
"Question: John didn't care about style.  He felt that form was less important than what?
Choices: A) shapeless B) quality C) function D) change shape E) chaos
Answer:",C
"Question: When you get together with friends to watch film, you might do plenty of this?
Choices: A) see what happens B) enjoy stories C) pass time D) have fun E) interesting
Answer:",D
"Question: A supermarket is uncommon in what type of collection of shops?
Choices: A) strip mall B) city or town C) shoppingcentre D) boutique E) vermont
Answer:",A
"Question: Bill puts meat on the scale, where does Bill work?
Choices: A) music store B) assay office C) tidal wave D) butcher shop E) bathroom
Answer:",D
"Question: I'm having some food at my party, what will I need to serve it?
Choices: A) zoo B) pan C) bowl D) kitchen E) spoon
Answer:",E
"Question: Before racers start to run they must do what at the starting line?
Choices: A) learn to walk B) walking C) walk slowly D) breathe E) stand still
Answer:",E
"Question: What does an actor do when they are bored of their roles?
Choices: A) mask B) branch out C) wear costume D) pretend E) sing songs
Answer:",B
"Question: What is a person called who doesn't have immortality?
Choices: A) mortal B) dying C) death D) dead E) mortal
Answer:",E
"Question: Why would you be watching tv instead of doing something else?
Choices: A) headache B) laughter C) laziness D) erections E) wasting time
Answer:",C
"Question: If chewing food is difficult for you, what is a possible reason?
Choices: A) broken jaw B) sore mouth C) eating D) good digestion E) avoiding choking
Answer:",B
"Question: He had to wear a tuxedo while playing the keyboard instrument, so did the other hundred members of the what?
Choices: A) music store B) band C) medium D) orchestra E) piano store
Answer:",D
"Question: Where do you find the most amount of leafs?
Choices: A) floral arrangement B) ground C) forrest D) field E) compost pile
Answer:",C
"Question: Where can children play with animals?
Choices: A) meadow B) play room C) surface of earth D) zoos E) fairgrounds
Answer:",E
"Question: What kind of tale might feature a talking weasel?
Choices: A) mulberry bush B) animated film C) chicken coop D) history book E) children's story
Answer:",E
"Question: What kind of status is the bald eagle given?
Choices: A) outside B) world C) protection D) colorado E) america
Answer:",C
"Question: Why do most people take a quick rest during the day?
Choices: A) need to B) hungry C) feel more energetic D) weak E) regenerate
Answer:",C
"Question: What could suddenly stop someone when he or she is running?
Choices: A) mushroom B) falling down C) sweating D) exhaustion E) getting tired
Answer:",B
"Question: Where would you find a monkey in the wild?
Choices: A) zoo B) barrel C) research laboratory D) captivity E) thailand
Answer:",E
"Question: Where could a sloth live?
Choices: A) tropical jungle B) manual C) work D) transit E) countryside
Answer:",A
"Question: A gentleman is carrying equipment for golf, what is he likely to have?
Choices: A) club B) assembly hall C) meditation center D) meeting E) church
Answer:",A
"Question: If you have a home with a courtyard, what's one thing you probably don't have to care for any longer?
Choices: A) lawn B) kids C) asshole D) spain E) office complex
Answer:",A
"Question: The computer was difficult for he to understand at the store, so what did she sign up for to learn more?
Choices: A) classroom B) facebook C) school D) apartment E) demonstration
Answer:",E
"Question: If you take the risk buying a used car, you still hope it can what?
Choices: A) go fast B) start running C) going too fast D) look good E) last several years
Answer:",E
"Question: Dan was ditting quietly on the couch with a book in his hand.  Laurie thought that he was just focused on what he was doing, but he actually did what?
Choices: A) eat B) think C) reading D) meditate E) fall asleep
Answer:",E
"Question: What is the primary purpose of cars?
Choices: A) cost money B) slow down C) move people D) turn right E) get girls
Answer:",C
"Question: Alabama is full of different people, but they are all citizens of what?
Choices: A) united states B) deep south C) floribama D) gulf states E) florabama
Answer:",A
"Question: They were hoping their campaign would create a rise in awareness of the problem and hopefully do what to its effect?
Choices: A) set B) fall C) park D) descend E) reduce
Answer:",E
"Question: What do airplanes do as they are arriving at the gate?
Choices: A) slow down B) crash C) speed up D) land E) carry people
Answer:",A
"Question: If a person with mental illness stops treatment what will likely happen?
Choices: A) managed B) dancing C) recur D) effectively treated E) cause suffering
Answer:",C
"Question: The gimmicky low brow TV show was about animals when they what?
Choices: A) sick B) mammals C) males D) bite E) attack
Answer:",E
"Question: A loud machine is irritating, but many are expected where?
Choices: A) museum B) house C) laboratory D) library E) industrial area
Answer:",E
"Question: What part of a table would you put a ruler in?
Choices: A) drawer B) desk C) the backside D) office E) measure distance
Answer:",A
"Question: What happens if someone kisses too long?
Choices: A) strong feelings B) herpes C) shortness of breath D) excitement E) arousal
Answer:",C
"Question: If I have a modern light source in my living room, what is it likely to be?
Choices: A) sky B) house C) lamp D) match E) candle
Answer:",C
"Question: The person saw the mess his children made, what was his following reaction?
Choices: A) smell smoke B) cross street C) cry D) bank savings E) look angry
Answer:",E
"Question: Who might wear dark glasses indoors?
Choices: A) blind person B) glove box C) movie studio D) ray charles E) glove compartment
Answer:",A
"Question: Where would stones not be arranged in a path?
Choices: A) quarries B) field C) park D) bridge E) made from rocks
Answer:",B
"Question: A bald eagle is likely to be found on what kind of work?
Choices: A) rural area B) book C) canada D) painting E) aviary
Answer:",D
"Question: The hostess was good at her job, she always had a smile when she would what?
Choices: A) group people B) ready parlor for guests C) welcome guests D) work room E) park
Answer:",C
"Question: What is likely to happen to someone who is learning?
Choices: A) overconfidence B) effectiveness C) knowing more D) head grows larger E) growth
Answer:",C
"Question: The inspector was agreeing with the factory protocols, what was the status of the factory?
Choices: A) compliance B) eligible C) contract D) harmony E) friendship
Answer:",A
"Question: After standing up I had to sit right back down, why would I feel like this?
Choices: A) train B) effort C) balance D) feet E) muscles
Answer:",C
"Question: Where do you go on a night out before going to the bar?
Choices: A) new york city B) las vegas C) restaurant D) nightclub E) park
Answer:",C
"Question: The dad wanted to protect his house, where did he put his gun?
Choices: A) police station B) crime scene C) restroom D) drawer E) holster
Answer:",D
"Question: What instrument can be played with an air of happiness?
Choices: A) jump up and down B) jump up and down C) sing D) play games E) fiddle
Answer:",E
"Question: What to kids do for boredom on a ramp?
Choices: A) watch film B) fire game C) hang out at bar D) go skiing E) skateboard
Answer:",E
"Question: What animal has quills all over it?
Choices: A) feather B) chicken C) calligraphy D) porcupine E) hedgehog
Answer:",E
"Question: Why would you go to an office?
Choices: A) work B) school building C) paper D) city E) habit
Answer:",A
"Question: When is the worst time for having food?
Choices: A) digesting B) not hungry C) gas D) weight gain E) feeling of fullness
Answer:",B
"Question: If you spend all your time buying and not saving what is is likely to happen?
Choices: A) using money B) feel better C) ocean D) losing money E) go broke
Answer:",E
"Question: Though a mouse might prefer your house, you might also see him where?
Choices: A) tin B) department store C) garden D) small hole E) cupboard
Answer:",C
"Question: What is performing a type of?
Choices: A) singing B) act C) feat D) smile E) acting
Answer:",B
"Question: The car was going from Alabama to New York, what was its goal?
Choices: A) head north B) speed up C) heading north D) go fast E) headed south
Answer:",A
"Question: What do they call the trash in Australia?
Choices: A) dirt B) subway C) state park D) container E) dustbin
Answer:",E
"Question: Joan wants to cook a potato, where should she place it?
Choices: A) boiling water B) paper bag C) restaurants D) underground E) cupboard
Answer:",A
"Question: Writers with a great what can amass a large fortune?
Choices: A) cookie B) bank C) real estate D) imagination E) bank roll
Answer:",D
"Question: Where do all animals live?
Choices: A) the moon B) fairgrounds C) surface of earth D) meadow E) zoos
Answer:",C
"Question: How are the conditions for someone who is living in a homeless shelter?
Choices: A) sometimes bad B) happy C) respiration D) growing older E) death
Answer:",A
"Question: You can do knitting to get the feeling of what?
Choices: A) relaxation B) arthritis C) adrenaline D) your E) sweater may produced
Answer:",A
"Question: What might a very large table be?
Choices: A) dining room B) conference C) kitchen D) in a lake E) demonstration
Answer:",B
"Question: John got his tax refund back.  He treated it like it was what?
Choices: A) candy B) death and C) free money D) discount E) credit
Answer:",C
"Question: A person with an allergy might be doing what if they awake suddenly?
Choices: A) have fun B) enjoy with friends C) stretch D) yawn E) sneezing
Answer:",E
"Question: Where is a ferret unlikely to be?
Choices: A) classroom B) outdoors C) aquarium D) north carolina E) great britain
Answer:",A
"Question: If you jump in any of the oceans you will get?
Choices: A) tanned B) wet C) wide D) very deep E) fish
Answer:",B
"Question: Immediately after peeing, a person's bladder is what?
Choices: A) collapsed B) empty C) full D) filled E) stretchable
Answer:",B
"Question: The lady would eat and eat, and because of mental issues would then make herself what?
Choices: A) wash dishes B) throwing up C) drinking D) throw up E) turn inside out
Answer:",D
"Question: A car was hailed to chauffeur someone to the opera house, where was it heading?
Choices: A) go downtown B) appear suddenly C) go fast D) bottom out E) east
Answer:",A
"Question: What do you go to see for live entertainment?
Choices: A) movie B) show C) concert venue D) casino E) theatre
Answer:",B
"Question: The teacher thought that a ferret can be very mischievous and probably wouldn't make a great pet for the entire what?
Choices: A) bad mood B) hutch C) classroom D) pair of trousers E) year
Answer:",C
"Question: A creek is a body of water found in what low land?
Choices: A) forest B) valley C) outdoors D) countryside E) woods
Answer:",B
"Question: If I have a pet bird, what does it likely live in?
Choices: A) forest B) bathroom C) windowsill D) countryside E) cage
Answer:",E
"Question: Joe and Mac were playing basketball. They did it every day in their back yard.  Why were they playing basketball?
Choices: A) study B) have fun C) pain D) cheers E) knee injury
Answer:",B
"Question: What makes someone a nomad?
Choices: A) unpleasant things B) hangnail C) have no home D) have no car E) schizophrenia
Answer:",C
"Question: What is a treat that you dog will enjoy?
Choices: A) salad B) petted C) affection D) bone E) lots of attention
Answer:",D
"Question: Women used to be expected to wear a dress but it's now acceptable for them to wear what?
Choices: A) man suit B) pants C) naked D) action E) long skirt
Answer:",B
"Question: The fact that Joe was able to memorize the list in spite of his apparent  state proved that part of his brain was what?
Choices: A) awake B) repeat C) sleeping D) concentrate E) read aloud
Answer:",A
"Question: What is a wet person likely to do?
Choices: A) gain weight B) thank god C) catch cold D) suicide E) cross street
Answer:",C
"Question: After recovering from the disease, what did the doctor call the patient?
Choices: A) healthy B) passing around C) cure D) wellness E) healthy
Answer:",A
"Question: The painter started to edge the room with tape, he always took extra care to make the lines clean and crisp when working with an what?
Choices: A) triangle B) middle C) corner D) center E) interior
Answer:",E
"Question: After high tide, where on the coast can you look to find a sea anemone?
Choices: A) nursery B) museum C) gulf of mexico D) tide pool E) intertidal zone
Answer:",D
"Question: What could a driving car do to a pedestrian?
Choices: A) say hello B) wreak C) pollution D) smoke E) relaxation
Answer:",B
"Question: People do many things to alleviate boredom.  If you can't get out of the house you might decide to do what?
Choices: A) play cards B) skateboard C) meet interesting people D) listen to music E) go to a concert
Answer:",D
"Question: At a grocery store they sell individual potatoes, where does the grocery clerk likely put the potato?
Choices: A) boiling water B) root cellar C) rocket ship D) paper bag E) underground
Answer:",D
"Question: What room is a rubber bath mat usually kept?
Choices: A) doorway B) living room C) sand D) floors E) bathroom
Answer:",E
"Question: What would you put meat on top of to cook it?
Choices: A) oil B) freezer C) ham sandwich D) oven E) frying pan
Answer:",E
"Question: Minerals can be obtained in what way for a person who avoids leafy greens?
Choices: A) multivitamin B) farm C) michigan D) earth E) ore
Answer:",A
"Question: What could you be a few hours after you finish cashing in due to your cash?
Choices: A) happy B) receiving money C) getting paid D) spending money E) selling out
Answer:",A
"Question: The smelly man was having a bath, but what is he pursuing?
Choices: A) hydration B) being clear C) personal cleanliness D) will drown E) use of water
Answer:",C
"Question: What might a couple have a lot of when they are deciding on stopping being married to each other?
Choices: A) pleasure B) detachment C) exercise D) bankruptcy E) fights
Answer:",E
"Question: If a person is working a lot, what are they likely trying to earn?
Choices: A) much money B) own house C) creativity D) new car E) caregiver
Answer:",A
"Question: The traveling business man was glad his credit card had perks, it offset the high prices for travel from a what?
Choices: A) car B) theatre C) airport D) hotel E) disneyland
Answer:",C
"Question: Billy hated using other people's toilets. He was only comfortable on his own.  So whenever he needed to poop, he would go back to his what?
Choices: A) bathroom B) motel room C) nearest public restroom D) house E) apartment
Answer:",D
"Question: The forest experienced a cold winter, where is it located?
Choices: A) earth B) south america C) amazon basin D) temperate zone E) national park
Answer:",D
"Question: How can you let someone know about your anger without hurting him or her?
Choices: A) release energy B) destroy enemy C) punch D) write letter E) lose your temper
Answer:",D
"Question: Where is one likely to find a brownstone?
Choices: A) new york city B) subdivision C) ring D) hazleton E) live in
Answer:",A
"Question: What may I place the telephone on?
Choices: A) bar B) friend's house C) desktop D) party E) office
Answer:",C
"Question: What language type is someone from Iran likely to use?
Choices: A) books B) dard C) sky D) closed room E) television
Answer:",B
"Question: John went to a party that lasted all night.  Because of this, he didn't have time for what?
Choices: A) meeting B) blowing off steam C) stay home D) partying hard E) studying
Answer:",E
"Question: The child wasn't allowed in the kitchen but still wanted to help, what could it do to help in the dining room?
Choices: A) set table B) form opinions C) make honey D) become adult E) gather flowers
Answer:",A
"Question: He was having a hard time expressing himself in a healthy way, the psychologist said he was mentally what?
Choices: A) slow B) understood C) suffering D) embarrassment E) fun
Answer:",C
"Question: When someone is physically competing what does their body do?
Choices: A) tension B) perform better C) releases heat D) winning or losing E) sweat
Answer:",E
"Question: How would you express information to a deaf person?
Choices: A) summarize main points B) close mouth C) write down D) may disagree E) talk
Answer:",C
"Question: Printing on a printer can get expensive because it does what?
Choices: A) explode B) use paper C) store information D) queue E) noise
Answer:",B
"Question: What will god never do according to religion?
Choices: A) anything B) judge people C) work miracles D) judge men E) everywhere
Answer:",B
"Question: One of the potential hazards of attending school is what?
Choices: A) cooties B) get smart C) boredom D) colds and flu E) taking tests
Answer:",D
"Question: What has a surface with many sides?
Choices: A) tetrahedron B) object C) geometry problem D) lake E) triangle
Answer:",A
"Question: What could bring a container from one place to another?
Choices: A) food B) refrigerator C) cargo ship D) port E) fuel
Answer:",C
"Question: The old style pop ups literally let you see the story when you did what?
Choices: A) giggle B) visualize C) open book D) reading E) go to movies
Answer:",C
"Question: What is it called when you are talking to someone?
Choices: A) communication B) quiet C) boredom D) persuaded E) learn
Answer:",A
"Question: The family finished dinner, the child's chore was to load the dirty dishes where?
Choices: A) restaurant kitchen B) dishwasher C) son's room D) cabinet E) party
Answer:",B
"Question: Where could you find a bureau as well as many politicians?
Choices: A) each city B) office building C) a zoo D) french government E) washington dc
Answer:",E
"Question: Dad wanted to hide the check in his office, where did he put it?
Choices: A) cash register B) desk drawer C) fish tank D) bank E) pay envelope
Answer:",B
"Question: For some reason she was devoid of regular emotions, buying products was the only way she could feel what?
Choices: A) pleasure B) owning C) debt D) spending money E) smart
Answer:",A
"Question: Where are horses judged on appearance?
Choices: A) race track B) fair C) raised by humans D) in a field E) countryside
Answer:",B
"Question: Why do people read non fiction?
Choices: A) having fun B) it's more relatable C) learn new things D) becoming absorbed E) falling asleep
Answer:",C
"Question: While knitting you can do what using a radio?
Choices: A) listen to music B) watch television C) making blankets D) eat E) watching tv
Answer:",A
"Question: Where are you likely to set papers while working on them?
Choices: A) table B) meeting C) drawer D) toilet E) garage
Answer:",A
"Question: John had a massive debt to 50 million dollars.  Compared to that, Leo's 2000 dollar debt seemed what?
Choices: A) dwarf B) inconsequential C) insubstantial D) lame E) tiny
Answer:",C
"Question: The man flew his airplane over the city and saw pollution visibly in the sky, what was polluted?
Choices: A) forest B) street C) air D) caused by humans E) car show
Answer:",C
"Question: What is a very unlikely side effect of becoming inebriated?
Choices: A) fights B) drunkenness C) staggering D) puke E) paralysis
Answer:",E
"Question: when communicating with my boss what should i do
Choices: A) misunderstandings B) transfer of information C) learning D) confusion E) silence
Answer:",B
"Question: If not in a stream but in a market where will you find fish?
Choices: A) stream B) aquarium C) refrigerator D) boat ride E) market
Answer:",C
"Question: What are people likely to want to do with their friends?
Choices: A) own land B) own home C) talk to each other D) believe in god E) spend time
Answer:",E
"Question: During a shark filled tornado where should you not be?
Choices: A) marine museum B) pool hall C) noodle house D) bad movie E) outside
Answer:",E
"Question: What is the likely result of buying products in excess?
Choices: A) running out of money B) spending money C) poverty D) comparison shopping E) overstocking
Answer:",E
"Question: What is a person trying to accomplish when taking analgesics?
Choices: A) acceptance B) avoid pain C) acknowledgment D) passing grade E) intellectual challenge
Answer:",B
"Question: Where would you put a glass after drinking from it?
Choices: A) ocean B) water cooler C) cabinet D) dishwasher E) dining room
Answer:",D
"Question: Where would you buy food?
Choices: A) freezer B) store C) home D) hatred E) kitchen
Answer:",B
"Question: When a person admits his mistakes, what are they doing?
Choices: A) accident B) learn to swim C) thank god D) feel relieved E) act responsibly
Answer:",E
"Question: Where do play a game for money?
Choices: A) casino B) football ground C) ballpark D) family room E) toy store
Answer:",A
"Question: When you travel you should what in case of unexpected costs?
Choices: A) go somewhere B) energy C) spend frivilously D) fly in airplane E) have money
Answer:",E
"Question: Donald is a prominent figure for the federal government, so in what city does he likely spend a lot of time?
Choices: A) everything B) capitol building C) tourist sites D) canada E) washington d.c
Answer:",E
"Question: There was more than one bum asking for change or a ticket, it was the cheapest way to travel so it was no surprise sight at the what?
Choices: A) train station B) beach C) bus depot D) bridge E) stumblebum
Answer:",C
"Question: John and Joe like planning games but Joe  was hit by a ball and fell down. What might have happened to Joe.
Choices: A) anger B) good natured ribbing. C) enjoying D) injury E) enjoyment
Answer:",D
"Question: Where can you buy jeans at one of may indoor merchants?
Choices: A) gap B) shopping mall C) bedroom D) laundromat E) bathroom
Answer:",B
"Question: What do you write letter in in America?
Choices: A) syllable B) post office C) envelope D) english alphabet E) word
Answer:",D
"Question: Joe owned back taxes as well as what other type of taxes?
Choices: A) anterior B) front C) main D) front E) current
Answer:",E
"Question: Where is a broadcast studio likely to be heard?
Choices: A) microphone B) arena C) radio station D) trees E) town
Answer:",C
"Question: Kramer wrote a self-referential book.  What might that book be about?
Choices: A) counter B) coffee table C) school room D) backpack E) bedside table
Answer:",B
"Question: Of all the sports, Billy enjoys football, but what does his concerned mother think of the sport?
Choices: A) very entertaining B) fun C) slow D) competitive E) violent
Answer:",E
"Question: What city will likely have many parking structures?
Choices: A) chicago B) big city C) large city building D) environment E) college campus
Answer:",A
"Question: Sally was afraid of danger and always double checked what?
Choices: A) fight enemy B) secure C) being safe D) safety E) vicinity
Answer:",D
"Question: What is the habitat of the fox?
Choices: A) hen house B) burrow C) california D) england E) mountains
Answer:",E
"Question: People are very much like the animals, but one thing has secured or dominance over the planet.  We're better at doing what?
Choices: A) eat eggs B) make tools C) eat dosa D) talk to each other E) smoke pot
Answer:",B
"Question: They children loved having a back yard, and the parents loved that it was a safe what?
Choices: A) suburb B) neighborhood C) back of house D) roundabout E) property
Answer:",B
"Question: While people just throw coins down them now, what originally had a pail to be lowered for it's intended use?
Choices: A) garage B) utility room C) slide D) wishing well E) garden
Answer:",D
"Question: Joe was thrown from his boat into the water.  The water was cold because it was the middle of winter and he cried out to his crew for help.  They couldn't hear him over the sound of the what?
Choices: A) surface of earth B) teardrops C) snowflake D) typhoon E) motor
Answer:",D
"Question: When a human is earning money, where are they often found?
Choices: A) deep thought B) park C) friend's house D) place of work E) school
Answer:",D
"Question: They passed a apple tree on their way to the racetrack, the were going to watch the biggest motorsport spectacle in the world where?
Choices: A) maryland B) indiana C) on tv D) park E) new jersey
Answer:",B
"Question: Why do people play chess on the weekends?
Choices: A) satisfaction B) have fun C) thrilling D) made E) smart
Answer:",B
"Question: What do you need energy to do in gym class?
Choices: A) work B) tacos C) mass D) play sports E) wrestle
Answer:",D
"Question: Sarah dropped the marble because she wanted to do what?
Choices: A) game B) pouch C) home D) store E) jar
Answer:",A
"Question: We are all human, and we all what?
Choices: A) write B) eat cake C) smile D) think critically E) die
Answer:",E
"Question: If a person were going to bed, what would be their goal?
Choices: A) lazy B) insomnia C) rest D) falling asleep E) dreaming of
Answer:",D
"Question: What are candles good for eliminating?
Choices: A) shelf B) board C) church D) table E) dark
Answer:",E
"Question: WHat leads to an early death?
Choices: A) poisonous gas B) homicide C) cinder D) nuclear weapons E) cyanide
Answer:",B
"Question: What room would you find many bookcases and is used for contemplation?
Choices: A) study B) house C) homw D) kitchen E) den
Answer:",A
"Question: Where do you head to travel to a star?
Choices: A) night sky B) galaxy C) outer space D) hollywood E) eat cake
Answer:",C
"Question: The player lifted his cornet and walked in rhythm, what was the player a member of?
Choices: A) museum B) high school band C) marching band D) orchestra E) band
Answer:",C
"Question: What happens at soon as a living being is born?
Choices: A) expiration B) growing older C) sometimes bad D) death E) start reproduction
Answer:",B
"Question: When someone is talking and you missed something, what can you do to get them to repeat it?
Choices: A) walking B) ask question C) think D) write question in crayon E) sneeze
Answer:",B
"Question: Where does one store fabric in their own home?
Choices: A) sewing room B) clothing store C) tailor shop D) clothes store E) cotton mill
Answer:",A
"Question: What do most companies not want to have relative to demand?
Choices: A) oversupply B) plentitude C) stockpile D) superabundance E) busy
Answer:",A
"Question: What is happening while he's playing basketball for such a long time?
Choices: A) sweating B) pain C) having fun D) medium E) knee injury
Answer:",A
"Question: A traveler laments the fact that mass transit is limited in his city when his groceries get soaked by the rain as he waits where?
Choices: A) bus stop B) library C) motel D) airport E) subway
Answer:",A
"Question: The person was in physical distress, where should he go?
Choices: A) synagogue B) for help C) hospital D) bus stop E) building
Answer:",C
"Question: The cancer patient was expecting to die, so he made out his what?
Choices: A) not to live B) write will C) never want D) seek help E) go to hell
Answer:",B
"Question: There was a toll road that meandered from Maine to New Hampshire, where was it?
Choices: A) massachusetts B) new england C) my house D) new jersey E) connecticut
Answer:",B
"Question: If you partied all night you could find yourself already what, even when just beginning work?
Choices: A) getting tired B) working C) procrastination D) jumping E) sitting down
Answer:",A
"Question: The cat carefully navigated the area, they do everything they can to avoid what?
Choices: A) get wet B) eat vegetables C) falling D) wool sweater E) sharp claws
Answer:",A
"Question: What is someone usually doing if someone else is talking to him or her?
Choices: A) listening B) language C) looking at eyes D) planning the perfect murder E) voice
Answer:",A
"Question: What does the sky do before a rain?
Choices: A) appear beautiful B) appear blue C) shows a rainbow D) rain water E) cloud over
Answer:",E
"Question: Pens, computers, text books and paper clips can all be found where?
Choices: A) desktop B) university C) drawer D) table E) work
Answer:",B
"Question: What geographic area is a lizard likely to be?
Choices: A) ball stopped B) west texas C) arid regions D) garden E) warm place
Answer:",B
"Question: What do you use to carry your briefcase?
Choices: A) office building B) school C) courtroom D) airport E) hand
Answer:",E
"Question: He picked up his pace to a run, he wanted to do what?
Choices: A) learn to walk B) frightened C) get away from D) exercise E) go faster
Answer:",E
"Question: What would a person do if they do not have any friends?
Choices: A) talk to people B) try again C) fall asleep D) stand alone E) thank god
Answer:",D
"Question: As a result of dying, what happens to organic material?
Choices: A) change of color B) stop breathing C) wake up D) death and decay E) getting cold
Answer:",D
"Question: What does everyone have in relation to other people?
Choices: A) feelings B) food C) unique personality D) different standards E) values
Answer:",A
"Question: What do you ask a child to do when you first meet her?
Choices: A) ask questions B) count to ten C) costume D) state name E) dress herself
Answer:",D
"Question: Where can you buy a clock, clothing and wrenches?
Choices: A) counter B) train station C) school room D) desk E) department store
Answer:",E
"Question: What do you do when you're in a new place and want to see new things?
Choices: A) interesting B) look around C) take pictures D) change of surroundings E) new experience
Answer:",B
"Question: What happens when to ice when it is in the sun?
Choices: A) carved B) melted C) ice cream D) antarctica E) sculptured
Answer:",B
"Question: Where can you store your dishes in your dwelling?
Choices: A) drawer B) shelf C) pantry D) apartment E) cabinet
Answer:",B
"Question: The man laid on the soft moss and looked up at the trees, where was the man?
Choices: A) niagra falls B) forest C) waterfall D) ground E) tree
Answer:",B
"Question: What is someone doing if he or she is sitting quietly and his or her eyes are moving?
Choices: A) reading B) meditate C) fall asleep D) bunk E) think
Answer:",A
"Question: Where can I find a stapler in many places?
Choices: A) desk drawer B) office building C) manual D) office supply store E) desktop
Answer:",B
"Question: A man takes a seat at a museum outside of Barcelona, where is he likely?
Choices: A) in cinema B) martorell C) falling down D) show E) airplane
Answer:",B
"Question: Where would you find a toy soldier that is being played with?
Choices: A) toy box B) movies C) child's hand D) toybos E) child park
Answer:",C
"Question: Where are you when you're about to use your plane ticket?
Choices: A) pocket B) terrorists hands C) airport D) sea ship E) briefcase
Answer:",C
"Question: Flowers make a good center focal point, just one of many arrangements that look good on a what?
Choices: A) market B) table C) countryside D) anthology E) vase
Answer:",B
"Question: How can a human cross a river and not mess up their hair?
Choices: A) wisconsin B) waterfall C) hatred D) bridge E) valley
Answer:",D
"Question: Batman bought beer.  There were no bottles available.  He had to settle for what?.
Choices: A) shelf B) soccer game C) keg D) can E) refrigerator
Answer:",D
"Question: You can find a monkey in what West African region on the Gulf of Guinea
Choices: A) south american country B) rain forest C) pay debts D) works E) nigeria
Answer:",E
"Question: Surprising an angry person could lead to what?
Choices: A) humor B) fight C) jocose D) laughter E) accidents
Answer:",B
"Question: Where is a dining area likely to be small?
Choices: A) cruise ship B) home C) mall D) restaurant E) dark cave
Answer:",B
"Question: Killing people should not cause what emotion?
Choices: A) vengeance B) going to prison C) joy D) afraid E) terrible
Answer:",C
"Question: James slamed into someone playing football, and not for the first time.  He was concerned about the consequences of many what?
Choices: A) exhilaration B) interactions C) head injuries D) death E) having fun
Answer:",C
"Question: More people should lower the guard and just have fun, we don't got long just what?
Choices: A) enjoy living B) happy C) enjoyable D) get laid E) do enjoy
Answer:",A
"Question: Where can you get a lizard to keep in your home?
Choices: A) desert country B) dessert C) pet shop D) tropical areas E) zoo
Answer:",C
"Question: What would use a musical instrument?
Choices: A) guitar B) music room C) orchestra D) case E) movie
Answer:",C
"Question: She was in an affair, what did that end upon discovery by her husband?
Choices: A) relationship B) marriage C) fidelity D) love E) divorce
Answer:",B
"Question: What is the most famous constellation out of earth?
Choices: A) one moon B) milky way C) god's creation D) stars E) universe
Answer:",B
"Question: If a reception is held with hotel guests walking by, what is the likely venue?
Choices: A) room service B) church basement C) lobby D) large room E) country club
Answer:",C
"Question: What is a place that is far away from your house and where you could consume beer?
Choices: A) refrigerator B) friend's house C) keg D) neighbor's house E) kitchen
Answer:",B
"Question: If a court case is dismissed after hearing testimony, what would be a likely cause?
Choices: A) change of heart B) anguish C) anger D) boredom E) anxiety
Answer:",A
"Question: Sitting down quickly after eating beans could lead to what?
Choices: A) flatulence B) happiness C) laziness D) fall asleep E) comfort
Answer:",A
"Question: John was my neighbor, it was easy to talk to him. He was never what?
Choices: A) away B) distant C) remote person D) bore E) foe
Answer:",B
"Question: Where do people want to have a lot of coffee?
Choices: A) table B) office C) desk D) kitchen E) ocean
Answer:",B
"Question: You stop and have food all around you, what are you?
Choices: A) stay alive B) wanted to survive C) nutrition D) grew E) full
Answer:",E
"Question: James was meeting a friend.  They had planed a slow day. They didn't want to do much.  They just wanted what?
Choices: A) relaxation B) panic C) alarm D) joy E) cheer
Answer:",A
"Question: The car's steering seem quite loose, but he still considered purchasing it because he needed something small and what?
Choices: A) sturdy B) faithful C) bound D) compact E) packaged
Answer:",D
"Question: Dan was a farmer with just one heifer.  But that was okay, he only kept her for milk, and he didn't think he'd find good farmland in a place as cold as where?
Choices: A) arizona B) farm yard C) michigan D) german field E) dairy farm
Answer:",C
"Question: It's Friday night and Alice puts off going to bed because she plans on doing what Saturday?
Choices: A) hatred B) sleeping in C) rest D) making love E) insomnia
Answer:",B
"Question: His phone was dead and they couldn't find the expressway, he opened up the glove compartment and handed his passenger the what to navigate?
Choices: A) eastern united states B) michigan C) map D) choppers E) american city
Answer:",C
"Question: What would someone use a personal key for?
Choices: A) car stand B) at hotel C) own home D) front door E) bus depot
Answer:",C
"Question: The cat kept pestering it's owner, it was that time of the day and it was what?
Choices: A) litter tray B) whiskers C) hungry D) feline E) thirsty
Answer:",C
"Question: Her voice lent her to the alto section, what group did she join?
Choices: A) symphony B) concerto C) choir D) theater troupe E) marching band
Answer:",C
"Question: Where are you likely to find a Japanese restaurant not run by people from Japan?
Choices: A) california B) downtown C) large town D) tokio E) china town
Answer:",A
"Question: Animals who have hair and don't lay eggs are what?
Choices: A) reproduce asexually B) males C) mammals D) attack E) ocean
Answer:",C
"Question: John was an aristocratic fox hunter.  Where might he live?
Choices: A) england B) new hampshire C) street D) arkansas E) north dakota
Answer:",B
"Question: Where is a grape likely to be being fed to someone else?
Choices: A) field B) bathroom C) michigan D) minnesota E) painting
Answer:",E
"Question: Some food can be stored at room temperature until you open it, then you should keep it in what?
Choices: A) shop B) bookcase C) shelf D) refrigerators E) kitchen
Answer:",D
"Question: Sam couldn't get back to sleep because of a dream he had.  It was a what?
Choices: A) awake B) horror C) dreamworker D) reality E) nightmare
Answer:",E
"Question: If you're going to a party in a new town what are you hoping to make?
Choices: A) getting drunk B) making new friends C) new contacts D) doing drugs E) set home
Answer:",B
"Question: How is riding a bike getting it to move?
Choices: A) practice B) sense of balance C) driving D) good balance E) pedalling
Answer:",E
"Question: Where does one usually keep literature?
Choices: A) books and magazines B) own home C) kitchen D) shelf E) meeting
Answer:",D
"Question: WHat type of keyboard is made up of one or more pipe divisions?
Choices: A) killing B) typewriter C) office D) terminal E) organ
Answer:",E
"Question: The bell rang, and the congregation began to what in to the church?
Choices: A) run away B) wind instrument C) funnel D) blunderbuss E) associated with telephones
Answer:",C
"Question: James needed smooth sandpaper, but instead he got what type?
Choices: A) rough B) non smooth C) uneven D) plastic E) bumpy
Answer:",A
"Question: Where would you borrow furniture if you do not have any?
Choices: A) sewer B) neighbor's house C) apartment D) room E) floor
Answer:",B
"Question: What must happen for an animal to and it's offspring to continue livng?
Choices: A) death B) flying C) reproducing D) food consumed E) eventually die
Answer:",C
"Question: I want my wine stored in darkness, where should it go?
Choices: A) movies B) bed C) moon D) vault E) cellar
Answer:",E
"Question: If I want to open a steakhouse, what should I get first?
Choices: A) michigan B) florida C) wine D) texas E) building
Answer:",E
"Question: Sarah didn't like to play but she didn't want to be sedentary and bored, either, so she took up what?
Choices: A) serious B) longplay C) musical D) eat cake E) doing nothing
Answer:",C
"Question: Joe found spiders while checking something outside.  What might that be?
Choices: A) cupboard B) closet C) storage bag D) mail box E) garage
Answer:",D
"Question: What would you do if your date does not show up?
Choices: A) wait for B) bathe C) go for haircut D) plan revenge E) dress nice
Answer:",A
"Question: What did the adult do before the job interview?
Choices: A) work B) dress himself C) marry D) dress herself E) drive train
Answer:",B
"Question: Most items in retail stores are what even when they are on sale?
Choices: A) overpriced B) purchase C) expensive D) park E) buying
Answer:",A
"Question: John farms anemone in what type of facility?
Choices: A) michigan B) swimming pool C) atlantic ocean D) nursery E) gulf of mexico
Answer:",D
"Question: Brawn opened the curtains so that the sun could do what?
Choices: A) dry clothes B) warm house C) warm room D) shine brightly E) get dark
Answer:",C
"Question: How might releasing energy that has built up feel?
Choices: A) damage B) wonderful C) exhaustion D) orgasm E) lazy
Answer:",B
"Question: What would you do if you have curiosity but are blind and paralyzed?
Choices: A) hear news B) analyse C) go somewhere D) examine thing E) see favorite show
Answer:",B
"Question: Where might it be hard to get furniture to?
Choices: A) apartment B) loft C) store D) rug E) stairs
Answer:",B
"Question: A great teacher can be what when you are attending school?
Choices: A) detention B) graduate C) follower D) inspiration E) boredom
Answer:",D
"Question: Where would you get jeans and other wearable items to take home with you?
Choices: A) shopping mall B) museum C) laundromat D) clothing store E) bedroom
Answer:",D
"Question: In what substance do clouds float?
Choices: A) sky B) top of mountain C) air D) ground level E) outer space
Answer:",C
"Question: Where is the large area location of the empire state building?
Choices: A) manhattan B) office C) the city D) fifth avenue E) new york city
Answer:",E
"Question: Where do most people make coffee?
Choices: A) coffee shop B) office C) table D) washing E) kitchen
Answer:",E
"Question: What kind of service is my body a part of when I'm no longer here?
Choices: A) bodycam B) home C) coffin D) funeral E) graveyard
Answer:",D
"Question: Many people wanted to leave their country estates for row houses, what did they need to move to?
Choices: A) living less expensively B) england C) prison D) city E) town
Answer:",D
"Question: Where can someone get a new saw?
Choices: A) hardware store B) toolbox C) logging camp D) tool kit E) auger
Answer:",A
"Question: What would you do to a crime scene before asking a question?
Choices: A) express information B) touch everything C) think D) give clue E) analyse
Answer:",E
"Question: The man didn't do great in college, all his best memories were late night with his brothers at the what?
Choices: A) big city B) fraternity house C) school D) building E) big town
Answer:",B
"Question: In a horror movie victims usually trip when the run in order to do what in regards to the killer?
Choices: A) frightened B) run up stairs C) get away from D) go quickly E) go faster
Answer:",C
"Question: The coach decided to make a lineup change, the team's effort was suffering from what?
Choices: A) stagnant B) stagnation C) tradition D) hunger E) paper money
Answer:",B
"Question: Where would you go if you want to buy some clothes?
Choices: A) mall B) grocery store C) grocery store D) shop E) supermarket
Answer:",A
"Question: Where is food likely to stay dry?
Choices: A) etna B) cupboard C) oven D) stomach E) fridge
Answer:",B
"Question: What is it called when a person with mental illness is able to lead a relatively normal life?
Choices: A) managed B) effectively treated C) recur D) cause delusion E) illusion
Answer:",A
"Question: Where do you keep musical instrument so it doesn't get scratched?
Choices: A) bank B) orchestra C) case D) music room E) movie
Answer:",C
"Question: The woman is watching television and trying to forget her day, what is her goal?
Choices: A) entertainment B) falling asleep C) getting fat D) crying E) relaxation
Answer:",E
"Question: While John Candy and Dan Aykroyd didn't run into a gazelle, you'd have to go where to see one?
Choices: A) eastern hemisphere B) the city C) open plain D) television program E) great outdoors
Answer:",E
"Question: When we are running what are we doing?
Choices: A) stretches B) running from police C) learn to walk D) go quickly E) get out of bed
Answer:",D
"Question: It's dangerous to let pet birds free so it's better to keep them what?
Choices: A) slavery B) caught C) caged in D) topfree E) prisoner
Answer:",C
"Question: A beaver is know for building prowess, their supplies come from where?
Choices: A) british columbia B) body of water C) wooded area D) pay debts E) zoo
Answer:",C
"Question: Zane doesn't like answering questions.  He's not good at it because he suffers from what?
Choices: A) panic B) discussion C) attention D) confusion E) satisfaction
Answer:",D
"Question: Going public about a common problem can gain what for a celebrity?
Choices: A) wide acceptance B) a degree C) pain D) getting high E) press coverage
Answer:",A
"Question: The electricity went out and everyone was shrouded in darkness.  They all remained in their seats, because it would have been dangerous to try to find there way out.  Where mihgt they have been?
Choices: A) opera B) concert C) basement D) bedroom E) grand canyon
Answer:",A
"Question: Where could you find hundreds of beauty salon?
Choices: A) clerk B) mall C) strip mall D) city E) neighborhood
Answer:",D
"Question: If it is Chrismas time what came most recently before?
Choices: A) halloween B) summer C) easter D) kwaanza E) give gift
Answer:",A
"Question: If someone found out their brother was having a daughter, they would have to add a niece limb to the what?
Choices: A) family picture book B) family reunion C) brother's house D) family tree E) baby shower
Answer:",D
"Question: The criminal insisted he must do the crime to the bank teller, but she tried to convince him there were other ways in life and this was what?
Choices: A) willing B) optional C) should not D) have to E) unnecessary
Answer:",E
"Question: what do you fill with ink to write?
Choices: A) squid B) fountain pen C) pencil case D) newspaper E) printer
Answer:",B
"Question: He walked into the room and had a great shock, his friends had what him?
Choices: A) expected B) wanting C) calm D) thundershock E) surprised
Answer:",E
"Question: He wasn't the hugging type, even when he meet friend he'd just do what?
Choices: A) have sex B) smile C) hug each other D) conversation E) handshake
Answer:",E
"Question: If you were lost you might need a map, the best place to find one on the road is at any what?
Choices: A) truck stop B) amusement park C) atlas D) mall E) gas station
Answer:",E
"Question: Where would you put a net if you wanted to use it?
Choices: A) sports B) fishing gear C) soccer game D) fishing boat E) badminton
Answer:",D
"Question: Sage loved communicating  He liked doing what with his peers?
Choices: A) exchanging ideas B) confusion C) peer pressure D) response E) learning
Answer:",A
"Question: Where would a cat snuggle up with their human?
Choices: A) floor B) humane society C) bed D) comfortable chair E) window sill
Answer:",D
"Question: What is a place that has large cable hanging overhead?
Choices: A) radio shack B) electrical device C) shower D) substation E) television
Answer:",D
"Question: Where do cars usually travel at very high speeds?
Choices: A) freeway B) road C) race track D) alley E) parking lot
Answer:",C
"Question: What might a person be watching if they see a man with a suitcase full of money?
Choices: A) baggage compartment B) movie C) subway D) airplane E) cargo hold
Answer:",B
"Question: Eating breakfast in bed while seeing a homeless person shivering outside your window may cause you to what?
Choices: A) mess B) hungry C) feel guilty D) indigestion E) spills
Answer:",C
"Question: If I put in my key and open a hinged door, where am I likely entering?
Choices: A) kitchen B) safe C) own house D) building E) pantry
Answer:",C
"Question: If somebody is working at a reception desk, they are located at the front entrance of the what?
Choices: A) motel B) hostel C) building D) lobby E) office park
Answer:",C
"Question: If you're reading a newspaper from another country what are you doing?
Choices: A) learning about world B) education C) get angry D) concern E) eat cake
Answer:",A
"Question: They wanted to recognize his accomplishment, where should they put his name?
Choices: A) certificate B) directory C) phone book D) lineup E) roster
Answer:",A
"Question: What is it called when a person tends to leave things to the last minute?
Choices: A) procrastinate B) complete collection C) headache D) good time management E) have to hold
Answer:",A
"Question: What will you do if you do not want to settle in one place?
Choices: A) walk B) agitate C) wander D) remove E) disturb
Answer:",C
"Question: Where would a person live that isn't in the metro area but still has good schools?
Choices: A) woods B) bed C) suburbs D) rural E) neighborhood
Answer:",C
"Question: Jane works for the government as a senator, where does she spend a lot of time?
Choices: A) capitol building B) everything C) washington d.c D) russia E) canada
Answer:",A
"Question: What is it called when two people in love have children?
Choices: A) take oath B) procreate C) matrimony D) please parents E) live life
Answer:",B
"Question: What did the policemen do when they heard a cry from a distance?
Choices: A) run away B) hurry along C) fine motorists D) direct traffic E) help
Answer:",E
"Question: It takes ambition to complete a job, but the first step is to what?
Choices: A) take care of proposals B) begin work C) in charge of project D) eat cake E) go to school
Answer:",B
"Question: Where would I not want a fox?
Choices: A) hen house B) english hunt C) mountains D) outside bedroom window E) england
Answer:",A
"Question: What type of building has the most top floor?
Choices: A) go down B) apartment building C) tall building D) office building E) cabin
Answer:",C
"Question: What do humans do to other humans after death?
Choices: A) celebrate B) burial C) life D) rebirth E) decomposition
Answer:",B
"Question: Where can you find a restaurant's phone number?
Choices: A) yellow pages B) town C) business sector D) town E) at hotel
Answer:",A
"Question: What would you put coins into to make it work?
Choices: A) stove B) water fountain C) desk D) purse E) jar
Answer:",B
"Question: A patriotic guy with a camera is looking for a bald eagle, what is he likely to do with the eagle if he finds one?
Choices: A) city B) canada C) minnesota D) thermal E) photograph
Answer:",E
"Question: Where can you go to use a piano in your neighborhood if you don't have one?
Choices: A) music school B) music store C) neighbor's house D) lunch E) drawing room
Answer:",C
"Question: Where would you get a shower curtain if you do not have one?
Choices: A) department store B) restaurant C) hotel D) dime store E) bathtub
Answer:",A
"Question: Kissing is normally an activity reserved for your romantic what?
Choices: A) anus B) partner C) arousal D) trust E) cooperation
Answer:",B
"Question: What does a child learn to do before school?
Choices: A) count to ten B) state name C) dress herself D) clean room E) socialize
Answer:",C
"Question: He was getting advice for the job interview, they told him when talking to the interviewer always make what?
Choices: A) get tired of B) small talk C) eye contact D) friendship E) social life
Answer:",C
"Question: According to what book did an apple tree lead to the downfall of man?
Choices: A) bible B) spain C) harry potter D) new york E) woods
Answer:",A
"Question: The neighborhood had a great sense of community, there was always a crowd at the landing of the what?
Choices: A) stairwell B) arena C) ocean D) airport E) apartment building
Answer:",E
"Question: What might a kind person do?
Choices: A) cross street B) talk to themselves C) open doors D) throw away E) study greek
Answer:",C
"Question: What will a person do at work?
Choices: A) cross street B) draw attention to themselves C) make money D) falling down E) come home
Answer:",C
"Question: John saw a fox running along the beach and was glad to be on the east coast.  Where might he have been?
Choices: A) tennessee B) south carolina C) louisiana D) oklahoma E) mountains
Answer:",B
"Question: Name a location where you would not want to find mice.
Choices: A) loft B) attic C) bell cat D) countryside E) laboratory
Answer:",B
"Question: The man started to learn jogging, what was he hoping to do?
Choices: A) exhaustion B) getting in shape C) fitness D) injure himself E) fatigue
Answer:",B
"Question: Where do most people turn to get information on their phones?
Choices: A) internet B) book C) online D) google E) manual
Answer:",D
"Question: What happens to a body after death?
Choices: A) rebirth B) human experience C) sadness D) decomposition E) obesity
Answer:",D
"Question: What type of non-vegetarian soup is one likely to find a potato?
Choices: A) beef stew B) own kitchen C) clam chowder D) kitchen cabinet E) pantry
Answer:",C
"Question: Though she had a disability, what did her encouraging and positive coach see in her?
Choices: A) qualification B) strength C) pity D) competence E) potential
Answer:",E
"Question: They had a theory of what they could do in t he big game, so over and over they would what?
Choices: A) park B) practice C) fact D) practical E) practise
Answer:",B
"Question: When you see something rise, you are where in relation to it?
Choices: A) sun set B) near C) fall D) below E) lower
Answer:",D
"Question: They were getting ready for a really long hike, he put the food can in his what?
Choices: A) cabinet B) house C) recycling center D) backpack E) make person sick
Answer:",D
"Question: Where would you keep a rug near your front door?
Choices: A) persia B) desk C) table D) living room E) hall
Answer:",D
"Question: When you slip from a ladder propped on anything what will you do?
Choices: A) obesity B) fall down C) matter to D) whatever E) surprise
Answer:",B
"Question: What do you do when you need to get food?
Choices: A) table B) disneyland C) refrigerators D) pantry E) shop
Answer:",E
"Question: Brad tried to arise from bed but he could not.  Instead, he just continued to do what?
Choices: A) go down B) fall down C) lie down D) lie to himself E) sit down
Answer:",C
"Question: If a heifer is really high quality, you might take her where?
Choices: A) home B) dairy farm C) cattle show D) dairy barn E) corral
Answer:",C
"Question: What do people want to acquire from opening business?
Choices: A) home B) wealth C) bankruptcy D) lose money E) get rich
Answer:",B
"Question: What has someone who had finished their undergraduate done?
Choices: A) graduated B) masters C) postgraduate D) phd E) professor
Answer:",A
"Question: Where are bus stops more common in what parts?
Choices: A) ocean B) getting off of bus C) airport D) urban area E) towns
Answer:",D
"Question: Bill wanted to pick up a stranger, preferably a responsible one with kids.  Where might he look for one?
Choices: A) bus station B) paradise C) train station D) park E) sea
Answer:",D
"Question: Where might a lemur frolic in the market?
Choices: A) desert B) hole C) india D) cage E) rain forest
Answer:",C
"Question: What might I place under the furniture?
Choices: A) rug B) room C) toy D) friend's house E) building
Answer:",A
"Question: Everybody began performing once their director stated what?
Choices: A) fear B) injury C) happiness D) action E) cut
Answer:",D
"Question: By learning about the world, many poor college students gain what?
Choices: A) pleasure B) greater mobility C) desire to travel D) global warming E) increased security
Answer:",C
"Question: Where are required to carry books all day?
Choices: A) friend's house B) university C) large city D) storage E) table
Answer:",B
"Question: where is seaweed from?
Choices: A) beach B) sea C) ocean D) water E) sea plant
Answer:",C
"Question: how can i store cooked steak?
Choices: A) oven B) freezer C) plate D) tupperware E) grill
Answer:",B
"Question: John wanted to clean all of the dust out of his place before settling down to watch his favorite shows.  What might he hardest do dust?
Choices: A) closet B) under the bed C) television D) attic E) most buildings
Answer:",D
"Question: Something had the nerve to break into the garbage last night, what did it?
Choices: A) eyes B) animal C) fingertips D) brainstem E) human body
Answer:",B
"Question: Where would you go to get some pamphlets if you want to own them?
Choices: A) bookstore B) drawer C) health department D) mail box E) library
Answer:",A
"Question: The audience cheered when a goal was scored, what were they spectating?
Choices: A) school B) sporting event C) concert hall D) show E) television
Answer:",B
"Question: What western state has thousands of miles of shore?
Choices: A) picture of sea side B) seaside town C) beach D) california E) see side picture
Answer:",D
"Question: Everybody seemed to be crying at the holy site, the tour guide explained that this was what?
Choices: A) profane B) halibut C) damaged D) common E) halibut
Answer:",D
"Question: The smile gave away that the what was one of happiness?
Choices: A) manual B) rainbow C) cry D) frown E) make others happy too
Answer:",C
"Question: Where is a public monument likely to be erected by a city?
Choices: A) municipal park B) office C) state park D) cemetary E) public gardens
Answer:",A
"Question: Where would a person live if they wanted no neighbors?
Choices: A) housing estate B) neighborhood C) mars D) woods E) suburbs
Answer:",D
"Question: Where is the control room that controls a PWR located?
Choices: A) building B) factory C) window D) prison E) nuclear power plant
Answer:",E
"Question: What happens to a dog before someone puts up posters of them?
Choices: A) get lost B) require water C) trained D) bark E) roll over
Answer:",A
"Question: Where are the most famous BBQ steakhouses in america?
Choices: A) texas B) building C) kansas city D) maine E) falling down
Answer:",A
"Question: He kept plugging away in his cubicle, it seemed he was the only person not called into the what?
Choices: A) building B) conference C) assessment D) demonstration E) garage
Answer:",B
"Question: If you're attending school and are falling asleep you're likely experiencing what?
Choices: A) boredom B) malaria C) graduate D) inspiration E) detention
Answer:",A
"Question: I want to buy a gong, where should I look for one?
Choices: A) orchestra B) church C) chinese temple D) chinatown E) music store
Answer:",E
"Question: What would friends do if they need each others' help?
Choices: A) call each other B) group together C) understand each other D) meet for lunch E) part company
Answer:",B
"Question: When people are playing a game, what is their motivation to play?
Choices: A) believe in god B) dance C) desire to win D) destroy each other E) run amok
Answer:",C
"Question: Where could there be a battle that involves words?
Choices: A) court room B) war C) video game D) iraq E) church
Answer:",A
"Question: John didn't mind getting in line.  It was what game after that he hated.  The time, the sore feet. He did not like doing what?
Choices: A) have to wait for B) standing in line C) eat cake D) less confusion E) being ordered
Answer:",B
"Question: What is the process of going somewhere?
Choices: A) fire B) energy C) car D) transporting E) staying in place
Answer:",D
"Question: The old man needed to have rest multiple times a day, he would do what on the couch and catnap?
Choices: A) lay in bed B) lay in bed C) go to bed D) relax E) lie down
Answer:",E
"Question: The end of the barrel of what primitive firearm is bell shaped?
Choices: A) barbell B) funnel C) blunderbuss D) wind instrument E) kettlebell
Answer:",C
"Question: Where is a good place to store pamphlets in your home or office?
Choices: A) library B) health department C) mail box D) drawer E) bookstore
Answer:",D
"Question: Many humans enjoy fishing and enjoy another relaxing activity at the same time, what activity is it?
Choices: A) getting tied up lure. B) looking for information C) get wet D) drink beer E) sit quietly
Answer:",D
"Question: Where would you get some maps that you own?
Choices: A) bookstore B) library C) electrical circuit D) cabinet E) important when traveling
Answer:",D
"Question: Where is a good place to put a hamburger?
Choices: A) resturant B) fast food restaurant C) mouth D) kitchen E) pizza
Answer:",C
"Question: Where is a handy place to store a steel pen in your office?
Choices: A) car shop B) desk drawer C) car. D) warehouse E) hand
Answer:",B
"Question: A story about World War II would be set when?
Choices: A) book or library B) book or magazine C) newspaper D) past E) future
Answer:",D
"Question: What type of geographic area will you find a marmot?
Choices: A) mountainous area B) wood pile C) jungle D) petting zoo E) animals
Answer:",A
"Question: Most people make stupid assumptions that are based on their prejudices.  What might they do instead to achieve better outcomes?
Choices: A) set table B) think C) read books D) play games E) lie
Answer:",B
"Question: What is something children can do while traveling in a car?
Choices: A) listen to music B) watch television C) play chess D) walk E) play basketball
Answer:",A
"Question: Where would you hear a trumpet along with other instruments made from the same material?
Choices: A) music store B) bass C) brass band D) orchestra E) marching band
Answer:",C
"Question: The audience listened to the orchestra play, where were they watching the performance?
Choices: A) concert hall B) museum C) school D) hockey game E) sporting event
Answer:",A
"Question: Stabbing to death of a person is what sort of way to die?
Choices: A) pool of blood B) gruesome C) charming D) being arrested E) killing
Answer:",B
"Question: What are you getting from you boss at the end of the week?
Choices: A) asking for B) money C) food D) work E) energy
Answer:",B
"Question: If you have a ticket and you are planning to eat hot dogs, where would you go?
Choices: A) lottery B) person's hand C) baseball stadium D) movie E) kitchen
Answer:",C
"Question: Where is a great place to buy fresh fruit?
Choices: A) san francisco B) refrigerator C) big box retailer D) tree E) market
Answer:",E
"Question: The man took paperwork to other people to consult over it, where was he heading?
Choices: A) desk B) meeting C) office D) table E) work
Answer:",B
"Question: Stark was just having fun, and he wasn't hurting anyone.  What might have he been doing?
Choices: A) painting his nails B) playing marbles C) constructing D) need for rest E) wild ride
Answer:",B
"Question: The church was giving assistance, what were they hoping to accomplish?
Choices: A) exhilliration B) hardship C) risk taking D) helping others E) happiness
Answer:",D
"Question: I you believe in god, where will you go when you die?
Choices: A) heaven B) church C) imagination D) synagogue E) monastery
Answer:",A
"Question: What can eating hamburger cause immediately after eating it?
Choices: A) tasty B) health problems C) eat cake D) indigestion E) gain weight
Answer:",D
"Question: Where is a shelf likely to be hidden behind a door?
Choices: A) refrigerator B) bookstore C) cupboard D) school building E) wardrobe
Answer:",C
"Question: The man got a pail to catch the draining motor oil, where was he likely doing this at home?
Choices: A) garage B) hardware store C) utility room D) wishing well E) laundry
Answer:",A
"Question: What kind of cold storage could you find in your house?
Choices: A) ice pack B) freezer C) laboratory D) warehouse E) refrigerator
Answer:",E
"Question: Where could you go to between 1000 and 10000 restaurant?
Choices: A) big city B) town C) small town D) canada E) yellow pages
Answer:",A
"Question: The pitcher stepped on the mound ready to throw, where was he located specifically?
Choices: A) hell B) baseball stadium C) golf course D) africa E) baseball diamond
Answer:",E
"Question: Where is a statute found on a platform?
Choices: A) below B) arena C) concert hall D) museum E) building
Answer:",D
"Question: If it's not used for hair a round brush is an example of what?
Choices: A) hair brush B) ladies bathroom C) art supplies D) shower E) hair salon
Answer:",C
"Question: His parents thought he was suffering from boredom, but the teen loved to lay in bed and just do what?
Choices: A) meet interesting people B) lift weights C) listen to music D) play chess E) entertain
Answer:",C
"Question: At the picnic she was stuck eating hamburger, she was worried because she forgot her chewables to prevent what?
Choices: A) eat cake B) have fun C) food poisoning D) heartburn E) gain weight
Answer:",D
"Question: The electrode wouldn't spark, it turned out that the what hadn't been connected?
Choices: A) battery B) electronic equipment C) electrolytic cell D) charge E) tube
Answer:",A
"Question: For what entity should the government work?
Choices: A) country B) democracy C) canada D) civilization E) tax office
Answer:",A
"Question: What must a student in engineering do?
Choices: A) answer question B) learn language C) do mathematics D) be able to count E) begin to study
Answer:",C
"Question: The teacher knew her students understood division, what was she hoping they would learn next?
Choices: A) multiplication B) multiply C) putting together D) unity E) pay debts
Answer:",A
"Question: There were times where kids wanted to know a definition, so there was a nice big dictionary in the what?
Choices: A) pocket B) classroom C) table D) library E) shelf
Answer:",B
"Question: Riding a bike for a long time can cause what?
Choices: A) enjoyment B) fatigue C) falling down D) getting lost E) thirst
Answer:",B
"Question: What could happen to a cat other than wanting food?
Choices: A) feline B) thirsty C) sharp claws D) pussycat E) hungry
Answer:",B
"Question: If you turn off the music in a room with no other noise that room would be what?
Choices: A) silent B) opera C) silence D) television E) elevator
Answer:",A
"Question: In what country are the most fast food restaurants?
Choices: A) new york B) blocks of flats C) center of town D) america E) big cities
Answer:",D
"Question: I want to use string to keep something from moving, how should I do it?
Choices: A) tie around B) wind around C) weave D) stringbed E) ball up
Answer:",A
"Question: Where would walk through a central passage to catch an elevator?
Choices: A) tomb B) arena C) access rooms D) public building E) house
Answer:",D
"Question: A potato is kept in the cellar, where is likely to be stored?
Choices: A) farmer's market B) grocery bag C) pantry D) bushel basket E) fridge
Answer:",D
"Question: What do people do when networking?
Choices: A) build trust B) hurry home C) ignore people D) believe in god E) jump to conclusions
Answer:",A
"Question: Where can you store you spare linens near your socks?
Choices: A) hospital B) chest C) home D) dresser drawers E) cabinet
Answer:",D
"Question: What do people do when they think too quickly?
Choices: A) jump to conclusions B) hurry home C) build trust D) pay bills E) sing
Answer:",A
"Question: What is someone likely to want as a result of sex?
Choices: A) sexploiter B) chicken C) reproductive cycle D) procreation E) human experience
Answer:",D
"Question: What might someone do after they finish creating art?
Choices: A) frustration B) relax C) eat D) enlightenment E) communication
Answer:",B
"Question: To get clean clothes you to what to them?
Choices: A) get dirty B) writing C) use water D) launder E) soap
Answer:",D
"Question: The person tried to reduce his weight with a shrink ray, but he got it backwards and only did what?
Choices: A) grow B) gain weight C) make larger D) augment E) get bigger
Answer:",C
"Question: Christine couldn't be having a baby at her age, she thought to herself. What was Christine?
Choices: A) old person B) begin to talk C) adult D) old man E) girl
Answer:",A
"Question: Joe plays a percussion instrument in something.  What might be play in?
Choices: A) own home B) music store C) marching band D) orchestra E) party
Answer:",D
"Question: If I'm playing ball, I'm mostly trying to do what?
Choices: A) losing B) competition C) having fun D) win E) injury
Answer:",C
"Question: What do the terms need to be in order to compete against someone?
Choices: A) cheat B) fair C) in competition D) practice E) sabotage
Answer:",B
"Question: If you wanted to show off silk, what item could it be on?
Choices: A) jean B) mulberry tree C) garments D) expensive clothing E) parachutes
Answer:",D
"Question: Where is known to be a wealth of information?
Choices: A) park B) internet C) meeting D) library E) book
Answer:",D
"Question: I saw the receptionist carelessly toss my resume into the drawer, where did I want it to end up?
Choices: A) file cabinet B) nightstand C) kitchen cabinet D) office desk E) the floor
Answer:",D
"Question: What will happen if you inject water into yourself?
Choices: A) dilute B) thin blood C) take several forms D) wet clothes E) move mountains
Answer:",B
"Question: Athletes soak in hot tubs to relieve what after playing baseball?
Choices: A) fame B) errors C) pain D) strikes E) sore muscles
Answer:",E
"Question: What does a gambler do that causes him or her to be unhappy?
Choices: A) play cards B) double winnings C) lose money D) play poker E) to win the prize
Answer:",C
"Question: There's one obvious reason to eat vegetables, they're plain what you?
Choices: A) lose weight B) good for C) bland D) chewing E) fibre
Answer:",B
"Question: John was a bit think in the head, but he knew that he never saw the lady before.  They were what?
Choices: A) pay debts B) slender C) unacquainted D) free flowing E) sparse
Answer:",C
"Question: Where would you hear a violin along side many string and wind instruments?
Choices: A) school B) string quartet C) orchestra D) kitchen E) music room
Answer:",C
"Question: What is the sun ultimately responsible for?
Choices: A) earth warming B) sun tan C) light D) life on earth E) heat
Answer:",D
"Question: Mandy lived in a train station.  She longed to see distant places. Where might she imagine going?
Choices: A) downtown area B) centre of town C) bedroom D) europe E) big city
Answer:",D
"Question: Joe is a  squirrel, which is an animal. He probably lives in what sort of place.
Choices: A) pet store B) outside C) woodland D) ocean E) cafe
Answer:",C
"Question: Where could a personal ficus live?
Choices: A) cabin in the woods B) california C) front yard D) conservatory E) tropical forest
Answer:",C
"Question: The shark actually counted as evidence, so where did the legal team bring it?
Choices: A) court room B) shallow waters C) poker game D) sea world E) pond arena
Answer:",A
"Question: If the president wanted to ban snakes, where would he issue such a decree?
Choices: A) street B) tropical forest C) garden of eden D) new mexico E) white house
Answer:",E
"Question: They were searching for rocks, so they missed the birds overhead as they stared at the what?
Choices: A) ground B) drawer C) surface of earth D) pizza E) waterfall
Answer:",A
"Question: Her son scraped his knee, she fetched a bottle of peroxide from the what?
Choices: A) supermarket B) diaper bag C) liquor store D) hollow log E) medicine cabinet
Answer:",E
"Question: Where would you expect to find a dictionary along side other writings you can borrow?
Choices: A) classroom B) shelf C) explain meaning of words D) table E) library
Answer:",E
"Question: What would be necessary for getting in shape?
Choices: A) good health B) exercise C) muscle tone D) sweat E) feel better
Answer:",B
"Question: A statue that shoots liquid is called a what?
Choices: A) water fountain B) large city C) museum D) pool E) central park
Answer:",A
"Question: If you have a child who gets in trouble for being hyperactive you may need to teach them how to what down?
Choices: A) park B) calm C) being good D) good behavior E) safe
Answer:",B
"Question: John loved to paint houses.  How did he usually do it?
Choices: A) clothes get stained B) with brush C) wallpaper D) electrical circuit E) draw
Answer:",B
"Question: When you wipe you feet on the door mat and walk through the door where do you enter?
Choices: A) a chair B) school C) living room D) doorway E) bathroom
Answer:",C
"Question: What can you use to store a book while traveling?
Choices: A) library of congress B) pocket C) backpack D) suitcase E) synagogue
Answer:",D
"Question: Where would you find gazelle under a G?
Choices: A) open field B) ivory coast C) dictionary D) steppe E) encyclopedia
Answer:",E
"Question: Competing can lead to great highs, and also great lows when suffering what?
Choices: A) winning or losing B) aggression C) gain D) defeat E) sweat
Answer:",D
"Question: What blocks sunshine?
Choices: A) summer B) park C) desktop D) sea E) moon
Answer:",E
"Question: When you feel too much heat in your home you can turn on what?
Choices: A) coolness B) fan C) get wet D) coldness E) air conditioning
Answer:",E
"Question: Where would you store a pillow case that is not in use?
Choices: A) kitchen cupboard B) bedding store C) england D) drawer E) bedroom
Answer:",D
"Question: If the kitten was going to grow up to be a mouser like it's mother, where should it spend most of it's time?
Choices: A) shelter B) floor C) warm place D) farmhouse E) living room
Answer:",D
"Question: Where is that man buying silk from?
Choices: A) space shuttle B) theater C) china D) indian resteraunt E) bar
Answer:",C
"Question: Where is a teacher likely to keep her clavichord?
Choices: A) living room B) parlor C) music hall D) music room E) museum
Answer:",D
"Question: Where are you if your bieifcase is going through an x-ray machine?
Choices: A) luggage store B) courtroom C) airport D) office building E) hand
Answer:",C
"Question: They were kissing each other good bye, they had no worries because their relationship had a strong foundation of what?
Choices: A) partner B) trust C) cooperation D) bricks E) herpes
Answer:",B
"Question: Why would you take a bus to work?
Choices: A) commute B) flying C) get somewhere D) travel E) go home
Answer:",A
"Question: If you are hungry and going fishing, why would you be going fishing?
Choices: A) to see the fish B) have fun C) catching fish D) wet clothes E) killing
Answer:",C
"Question: Dogs are very loyal if they have a good owner, they will always what them?
Choices: A) fleas B) eat cake C) attack D) defend E) run fast
Answer:",D
"Question: What does a farmer need to do to make  a maze on his farm in the fall?
Choices: A) seed plants B) plant seeds C) garden D) grow corn E) produce food
Answer:",D
"Question: For many males hair is a concern as they get older, it begins to what, causing a receding hairline?
Choices: A) thin out B) grow in ear C) fall out D) bulge E) composted
Answer:",C
"Question: What happens someone who is bad play poker?
Choices: A) think B) ante up C) drink D) win money E) losing money
Answer:",E
"Question: John loved his snake.  It was the only ting he loved. He hated everyone else and was abrasive to most people, but he loved his snake.   How might you describe the snake?
Choices: A) sun itself B) tropical forest C) pet D) rude E) sharp
Answer:",C
"Question: The fresh herbs, flowers, and vegetables will shrivel up if people don't do this?
Choices: A) water plants B) believe in god C) drive to the nearest pool D) speaking english E) raise children
Answer:",A
"Question: I picked from an apple tree outside of Fort Wayne, where am I?
Choices: A) woods B) illinois C) indiana D) washington state E) tampa
Answer:",C
"Question: The janitor never had much to clean after services, but there was still always a paper or two to pick up where?
Choices: A) synagogue B) front porch C) classroom D) obesity E) grocery store
Answer:",A
"Question: If you're celebrating with too many cocktails what may you have in the morning?
Choices: A) drunkenness B) have fun C) headache D) hang over E) intimacy
Answer:",D
"Question: Danny found an old film in a sealed what?
Choices: A) clingfilm B) disneyland C) cave D) cabinet E) movie
Answer:",D
"Question: Where are you likely to find much more than a drop of blood on the floor?
Choices: A) crime scene B) vein C) blood bank D) slaughter house E) needle
Answer:",D
"Question: Where is the first place someone leaving the planet ends up?
Choices: A) pay debts B) galaxy C) outer space D) orbit E) universe
Answer:",C
"Question: The town house went right to the curb, a slot effectively made a mailbox of the what?
Choices: A) apartment building B) front door C) back door D) street corner E) porch
Answer:",B
"Question: The architect thought that a mezzanine would look good, but the planning committee rejected it.  They told the architect that they felt it was a potential hazard given the ages of the people who would be using it.  What might they be designing?
Choices: A) actors B) theater C) concert hall D) floors E) school
Answer:",E
"Question: The person wasn't bothered by the weather, she had remembered to bring her what?
Choices: A) read book B) own house C) apartment D) more rice E) warm coat
Answer:",E
"Question: If you want to learn about the world and understand the real reasons behind cultural norms and mores, you have achieved a sense of what?
Choices: A) enlightenment B) open mind C) confusion D) smartness E) anger
Answer:",A
"Question: What is the hopeful result of going to see a play?
Choices: A) sit B) being entertained C) jobless D) meet E) laugh
Answer:",B
"Question: A person would join a trade school for finding information related to what?
Choices: A) ulcers B) degree C) understanding of D) gaining knowledge E) happiness
Answer:",D
"Question: Joan was a baby, so there were many things she couldn't do, which caused problems for her parents.  Name one thing that makes raising a baby difficult.
Choices: A) arrive early B) learn to walk C) boy or girl D) bring joy E) talk nonsense
Answer:",E
"Question: Where would you put some ham if you want to cook it?
Choices: A) hamshackle B) pizza C) fridge D) refrigerator E) part of meal
Answer:",B
"Question: Running errands with screaming kids will likely cause what?
Choices: A) efficiency B) insanity C) aggravation D) tiredness E) stress
Answer:",C
"Question: Sam wasn't lying, but he left out important details. He was being what?
Choices: A) dishonesty B) deceitful C) imagination D) deceptive E) poker face
Answer:",B
"Question: what does someone have that causes them committing murder?
Choices: A) problems B) distress C) fear D) go to jail E) killer
Answer:",A
"Question: What kind of place has a leader?
Choices: A) army B) battle C) wildlife D) country E) organization
Answer:",D
"Question: How is a person likely to communicatewith others?
Choices: A) say words B) meet friends C) open mouth D) thank god E) die of cancer
Answer:",A
"Question: Where may you be if you're buying pork chops at a corner shop?
Choices: A) england B) town C) desert D) kentucky E) iowa
Answer:",E
"Question: Where is a well used toy car likely to be found?
Choices: A) child's room B) boy's bedroom C) own home D) toy store E) house
Answer:",A
"Question: Where can fisherman store their rods when on a fishing trip?
Choices: A) hardware store B) engine C) fishing camp D) lake E) sporting goods store
Answer:",C
"Question: Danny is having fun just dancing and singing with his friends. He wasn't concerned with things that weren't fun. For him having fun is the same as what?
Choices: A) injuries B) smiling C) being happy D) glee E) jump
Answer:",C
"Question: Where would you find an office worker gossiping with their colleagues?
Choices: A) water cooler B) space shuttle C) baby shower D) bus stop E) family
Answer:",A
"Question: Where would you put nails if they are already packaged?
Choices: A) pocket B) container C) cabinet D) jar E) store
Answer:",C
"Question: What is a person who is good at sports considered?
Choices: A) lazy B) own house C) talented D) affluent E) reproduce
Answer:",C
"Question: The man acted ridiculous at the funeral, what attitude should he have taken?
Choices: A) straightforward B) serious C) solemn D) somber E) funny
Answer:",C
"Question: The pencil sharpener was broken in the classroom, where did the teacher recommend the student go?
Choices: A) home B) library C) stationery store D) cabinet E) desk drawer
Answer:",B
"Question: Where does a child likely sit at a desk?
Choices: A) furniture store B) schoolroom C) patio D) office building E) library
Answer:",B
"Question: He was trying to procreate with many individuals, this led to a what?
Choices: A) moaning B) die C) kiss D) std E) sanity
Answer:",D
"Question: What does playing soccer and winning lead to?
Choices: A) excitement B) getting tired C) overtime D) anger E) fights
Answer:",A
"Question: What attraction is sometimes so large that you need a map to find your way around?
Choices: A) amusement park B) truck stop C) mcdonalds D) backpack E) classroom
Answer:",A
"Question: If my husband never helps me doing housework, what might that lead to?
Choices: A) boredom B) arguments C) headache D) exhaustion E) park
Answer:",B
"Question: The advertisement came in the form of a pop-up, where did it appear?
Choices: A) web page B) store C) la ville D) bus E) email
Answer:",A
"Question: WHere do people live?
Choices: A) apartment B) eat cake C) bus depot D) football stadium E) surface of earth
Answer:",E
"Question: People are what when you're a stranger?
Choices: A) train B) strange C) human D) stupid E) dangerous
Answer:",B
"Question: The juror was quite bored and zoning out but wanted to convey he was hearing testimony, so he just sat there doing what?
Choices: A) take notes B) nodding C) change of heart D) writing down E) listening
Answer:",B
"Question: They wanted to try blowfish, so they went to get some where?
Choices: A) atlantic ocean B) books C) france D) aquarium E) fish market
Answer:",E
"Question: When a main artery is used to expedite travel what would it be referred to as?
Choices: A) neck B) busy city C) own brain D) thruway E) food
Answer:",D
"Question: If someone rules the universe of what are they in charge?
Choices: A) classroom B) football game C) everything D) text book E) lawbook
Answer:",C
"Question: The butt was bare, and Sam couldn't stop staring at it.  It was very what?
Choices: A) full B) ample C) covered D) bareword E) ample
Answer:",B
"Question: Where can many stores with clothing be found?
Choices: A) shop B) mall C) department store D) drawer E) library
Answer:",B
"Question: After working on the car, what did it end up doing?
Choices: A) going too fast B) last several years C) honk the horn D) go fast E) start running
Answer:",E
"Question: When an elderly person needs help performing daily tasks, who might they call?
Choices: A) creativity B) hatred C) caregiver D) own house E) much money
Answer:",C
"Question: Where is beer drank by people watching sticks and pucks?
Choices: A) bottle B) refrigerator C) hockey game D) casino E) bar
Answer:",C
"Question: Where is there a telephone book in almost every room?
Choices: A) at hotel B) house C) library D) bedsit E) closet
Answer:",A
"Question: Where might you see a green field while driving?
Choices: A) kansas B) meadow C) farmland D) countryside E) rural area
Answer:",D
"Question: Some people got escorted out of the library, they were probably what?
Choices: A) state facts B) talking loudly C) making money D) amount to nothing E) believe in god
Answer:",B
"Question: If there is a pond with trees around it, where it it likely located?
Choices: A) ground B) bathroom C) forest D) countryside E) rural area
Answer:",C
"Question: Blowfish require what specific thing to live?
Choices: A) sea water B) hatred C) fish market D) body of water E) jungle
Answer:",A
"Question: What is the least likely immediate side effect of eating hamburger?
Choices: A) nausea B) death C) illness D) health problems E) gain weight
Answer:",B
"Question: What would I be doing while going to work and walking?
Choices: A) listen to radio B) solve problems C) driving D) walk E) being late
Answer:",A
"Question: A showroom feature washers and refrigerators, where is this showroom located?
Choices: A) appliance store B) vegas C) electronics store D) car dealership E) kitchen
Answer:",A
"Question: The man often made smart remarks, like that any restaurant is a mexican restaurant where?
Choices: A) city B) mexica C) san diego D) spain E) mexico
Answer:",E
"Question: I am looking for honey right from the source, where should I look?
Choices: A) last all night B) beehive C) farmer's market D) jar E) honeyful
Answer:",B
"Question: Where are there likely to be a variety of flats to choose from?
Choices: A) london B) apartment building C) city D) falling down E) town
Answer:",C
"Question: A weasel has a thin body and short legs to easier burrow after prey in a what?
Choices: A) tree B) mulberry bush C) chicken coop D) viking ship E) rabbit warren
Answer:",E
"Question: What can disease destroy?
Choices: A) rug B) third world country C) human body D) hospital E) building
Answer:",C
"Question: What does a person from Avalon live in?
Choices: A) pain B) meaningful work C) english house D) cotton candy E) headache
Answer:",C
"Question: Where is one likely to find a fan for their stove?
Choices: A) appliance store B) sports stadium C) dress emporium D) hot room E) football stadium
Answer:",A
"Question: Jodie felt a tightness in her chest. She was worried but didn't want to go to the hospital. Where might she go instead?
Choices: A) istanbul B) concert C) bedroom D) antique shop E) human being
Answer:",C
"Question: If you're buying beer for a float trip what are you preparing to do?
Choices: A) get arrested B) have fun C) get sick D) spend money E) stupidity
Answer:",B
"Question: Piece of land in Canada where you can find marmot?
Choices: A) north america B) united states C) vancouver island D) american E) cage
Answer:",C
"Question: The surgeon's clients had begun to reduce, it seemed girls no longer want to what?
Choices: A) reduction B) make larger C) augment D) gain weight E) expand
Answer:",C
"Question: While waiting for this appointment, people often read magazines.
Choices: A) doctor B) train station C) newsagent D) market E) table
Answer:",A
"Question: Where would you find a fox that is made up?
Choices: A) storybook B) woods C) hen house D) natural habitat E) back yard
Answer:",A
"Question: In basic training they build you up only to do what, all in hopes of building you up even stronger the next time?
Choices: A) destroying B) tear down C) raze D) mutilate E) demolition
Answer:",B
"Question: Billy saw a dog running from him and did his best to get away from it.  The leaped up to where the dog couldn't reach and was stuck.  Where might he have been trapped?
Choices: A) kennel B) table C) porch D) backyard E) park
Answer:",B
"Question: John and Judy were parents.  They had two wonderful kids who weren't always well behaved.  They were light tough, though.  They felt it was a parent's job to do what?
Choices: A) control children B) guide children C) speak freely D) cry E) understand children
Answer:",B
"Question: What are you playing if you're fiddling on a violin?
Choices: A) bluegrass music B) make music C) drop D) string instrument E) troubles
Answer:",A
"Question: If somebody buys something and gives it to me as a free gift, what is the cost status of the gift?
Choices: A) deadly B) imprisoned C) paid for D) expensive E) in prison
Answer:",C
"Question: Why does someone flirt with many people at once?
Choices: A) have sex B) get laid C) were lonely D) attract attention E) dance
Answer:",D
"Question: James tore the antenna off of his boat due to bad reception as he was crossing the channel from France.  Where was he going?
Choices: A) river B) television C) india D) england E) europe
Answer:",D
"Question: Why would a band be performing when there are no people nearby?
Choices: A) record album B) play music C) hold concert D) blaring E) practice
Answer:",A
"Question: The dogs were protecting their own when they decided to what the bad man?
Choices: A) bad breath B) defend C) run fast D) ocean E) attack
Answer:",E
"Question: What is used to grind wheat for bread?
Choices: A) farmer's field B) countryside C) cereal packets D) bread E) mill
Answer:",E
"Question: If you have a large satchel with you when you fly you'll be asked to store it where?
Choices: A) airport B) luggage compartment C) with the pilot D) room E) clothing store
Answer:",B
"Question: Where would someone keep their nylon leggings?
Choices: A) stockings B) rope C) car D) clothing E) drawer
Answer:",E
"Question: If you spend a long time running after a ball how are you likely to feel?
Choices: A) laughter B) sweating C) embarrassed D) breathing heavily E) tiredness
Answer:",E
"Question: When you need to rest it's often because you have been doing what?
Choices: A) action B) sleep C) sleeping D) in motion E) using energy
Answer:",E
"Question: Boredom and hunger led to a wandering waste of time and a cart full of unhealthy snacks during her trip to where?
Choices: A) new moon B) play cards C) read book D) see art E) grocery shop
Answer:",E
"Question: He was beginning to worry they wouldn't get on the ride before closing, they had been standing in queue for a long what?
Choices: A) frustration B) waiting C) hair D) time E) patience
Answer:",D
"Question: This is an unavoidable physiological consequence of running.  What is it?
Choices: A) breathlessness B) increased heart rate C) falling down D) muscle bulk E) calluses
Answer:",B
"Question: Sometimes a person has a fear of water or a dislike of being wet, it is still important to make sure they are having a bath why?
Choices: A) flooding B) drowning C) wet skin D) get wet E) rash
Answer:",E
"Question: Where would there be an auditorium with only a single person speaking?
Choices: A) lights B) crowd C) university campus D) theater E) park
Answer:",C
"Question: To get out of there the person had to keep on walking, they had to keep on what?
Choices: A) moving forward B) locomotion C) blisters D) rollerskate E) exercise
Answer:",A
"Question: What very large group of western citizens has bees everywhere?
Choices: A) united states B) space station C) trash can D) field of flowers E) bouquet of flowers
Answer:",A
"Question: Miss Grady took a stick from Bob because he was playing with it during class.  She wanted to make sure that he couldn't get to it so she put it where?
Choices: A) desk drawer B) kitchen drawer C) classroom D) pocket E) office
Answer:",A
"Question: How does a person begin reproducing?
Choices: A) genetic mutation B) have sex C) kiss D) flirting E) going on a date
Answer:",B
"Question: Joe and Jill didn't want their children to be sedentary.  They might limit the time they children spend doing what?
Choices: A) play sports B) throw things C) reading D) watch tv E) play with toys
Answer:",D
"Question: They were making sauerkraut, the instructor explained the liquid should be above the cabbage in the what?
Choices: A) jar B) drinking glass C) pot D) container E) can
Answer:",A
"Question: From where would you normally take a cup when you're about to get a drink?
Choices: A) dishwasher B) water fountain C) sand box D) toilet E) kitchen cabinet
Answer:",E
"Question: What are you using if there are speakers strapped on your ears?
Choices: A) take it all in B) headphones C) desktop D) conference E) concert
Answer:",B
"Question: Because of his anger he couldn't clearly explain or what?
Choices: A) cool off B) write letter C) get mad D) illustrate point E) destroy enemy
Answer:",D
"Question: Where is likely to not just have a kosher restaurant?
Choices: A) jerusalem B) jewish neighborhoods C) dining in D) new york city E) dining
Answer:",D
"Question: The bald eagle flew from Mount St Helen's to the Puget Sound and all over what?
Choices: A) washington state B) utah C) pacific northwest D) northern california E) the desert
Answer:",A
"Question: Where could you get some knives if you are planning to bring them outside with you?
Choices: A) sporting goods store B) backpack C) kitchen D) sharp edges E) dog house
Answer:",C
"Question: How can people fulfill their own calorie requirements?
Choices: A) compete with each other B) feed themselves C) feel lonely D) talk to each other E) ask a doctor
Answer:",B
"Question: What does a stove do to the place that it's in?
Choices: A) cool house B) warm room C) gas or electric D) burn child E) brown meat
Answer:",B
"Question: What is the best way to begin going into trance?
Choices: A) religious experience B) closed eyes C) loss of control D) sleep E) hallucination
Answer:",B
"Question: A computer user working on an important work assignment is located in what structure?
Choices: A) office building B) internet cafe C) house D) school E) internet cafe
Answer:",A
"Question: The music was festive but why are the horses dancing in circles
Choices: A) carnival B) night club C) theatre D) opera E) ringmaster
Answer:",A
"Question: In the building where James worked there was a small mezzanine in the auditorium to make more space for seats.  Where might James work?
Choices: A) theater B) floors C) concert hall D) education E) school
Answer:",A
"Question: If you aren't well rested and it's a rainy day what might you do?
Choices: A) sleep B) write C) make bread D) stay in bed E) enjoy film
Answer:",D
"Question: Where would you have a stove if you don't live in a detached dwelling?
Choices: A) tent B) car C) living room D) friend's house E) apartment
Answer:",E
"Question: What kind of place has a revolving door and has things to buy in it?
Choices: A) new york B) public place C) bank D) mall E) supermarket door
Answer:",D
"Question: Where can books be read?
Choices: A) cabinet B) backpack C) table D) shelf E) sink
Answer:",C
"Question: Where is seaweed usually found alive?
Choices: A) ocean B) found in ocean C) water D) found in sea E) beach
Answer:",C
"Question: If a lizard is fed by people every day, what has happened to it?
Choices: A) documentary B) costa rica C) garden D) encouragement E) captivity
Answer:",E
"Question: What will happen to someone if his or her spirits cannot elevate?
Choices: A) sadden B) demote C) depress D) drop E) decrease
Answer:",C
"Question: If you wanted a license to catch crabs, what government office would you go to?
Choices: A) most offices B) fish department C) fancy restaurant D) government submarine E) chesapeake bay
Answer:",B
"Question: What furniture will you normally find near a side chair?
Choices: A) bedroom B) table C) wheel barrow D) building E) office
Answer:",B
"Question: Metal is used to make what?
Choices: A) junkyard B) ore C) instruments D) metal fabrication shop E) bowls
Answer:",C
"Question: What is the word added to Manchester that signifies what county it is in?
Choices: A) england B) united kingdome C) lancashire D) greater manchester E) cheshire
Answer:",D
"Question: The program kept getting errors, the amateur end user began to what?
Choices: A) get mad B) compile C) debug D) write code E) get frustrated
Answer:",E
"Question: John knew that the sun produced a massive amount of energy in two forms.  If you were on the surface of the sun, what would kill you first?
Choices: A) ocean B) heat C) life on earth D) wrinkles E) light
Answer:",B
"Question: Lawyers often talk in front of an audience where?
Choices: A) work B) courtroom C) office building D) press charges E) theatre
Answer:",B
"Question: James bought a new set of tire chains and put them somewhere he could find them.  Where would he put them?
Choices: A) gear shift B) garage C) kitchen D) jewelry store E) hardware store
Answer:",B
"Question: If I wanted to eat something that is made from plants and needs to be washed, what would it be?
Choices: A) roots B) millions of cells C) see work D) leaves to gather light E) flowers on
Answer:",A
"Question: Ficus can be planted in a yard to make summer more bearable, what sort of areas do they create?
Choices: A) shady places B) screened porch C) pots D) ceramics E) clay pot
Answer:",A
"Question: Children's behavior is a direct reflection of their what?
Choices: A) parents B) old people C) play ball D) many adults E) grown ups
Answer:",A
"Question: Most people who are family like to greet each other with a what?
Choices: A) apartments B) listen to music C) have friends D) know what ophiolites E) hug
Answer:",E
"Question: John bought a new water hose.  But he found his old one near his car.  Where did he find the old one?
Choices: A) garden shed B) hardware store C) greenhouse D) garage E) in a van
Answer:",D
"Question: Where is a control room needed to prevent wide spread disaster?
Choices: A) airbase B) prison C) mill D) nuclear plant E) recording studio
Answer:",D
"Question: Where do you keep your pizza slice before you eat it?
Choices: A) table B) plate C) restaurant D) oven E) popular
Answer:",B
"Question: Everybody was changing into costumes in the dressing room, it was almost time to take the what stage?
Choices: A) theater B) train C) bathhouse D) dwelling E) actors and actresses
Answer:",A
"Question: The homeowner frowned at the price of gas, what did he have to do later?
Choices: A) own home B) mail property tax payments C) board windows D) cut grass E) receive mail
Answer:",D
"Question: A thoroughfare meandered through fields and woods, where was it passing though?
Choices: A) move about B) city C) country D) town E) new york city
Answer:",C
"Question: If I want a new ottoman, where should I go?
Choices: A) furniture store B) parlor C) turkey D) living room E) den
Answer:",A
"Question: Sean was leaving work and took the roadway that led to his what?
Choices: A) neighborhood B) city C) fate D) countryside E) maps
Answer:",A
"Question: What can you use to get a jellyfish?
Choices: A) adriatic sea B) mediterranean sea C) hand D) see E) atlantic ocean
Answer:",C
"Question: What has a shelf that does not allow you to see what is inside of it?
Choices: A) chest of drawers B) stove C) hold alcohol D) bookcase E) grocery store
Answer:",A
"Question: What will likely happen after stabbing to death a person?
Choices: A) gruesome B) being arrested C) pool of blood D) mess E) grisly
Answer:",B
"Question: The boat passenger was explaining his fear of blowfish, but the captain figured he meant piranhas since they were on a river in the what?
Choices: A) cuba B) styx C) atlantic ocean D) france E) jungle
Answer:",E
"Question: Where could you find only a few office?
Choices: A) skyscraper B) new york C) school building D) city E) work
Answer:",C
"Question: Where can I go to be a religious gentleman?
Choices: A) club B) restaurant C) university D) pub E) church
Answer:",E
"Question: I want to see a prepared slide up close, what would I use to help?
Choices: A) microscope B) abbreviate C) glasses D) camera E) telescope
Answer:",A
"Question: Where can you buy a magazine, paper or gum?
Choices: A) bank B) rack C) bed D) newsstand E) bus depot
Answer:",D
"Question: Where would you get some wood if you do not have any?
Choices: A) carpet B) boat C) river D) lumberyard E) synagogue
Answer:",D
"Question: The pitcher felt stress and tension on the mound, what did he feel like?
Choices: A) desert B) baseball field C) hell D) baseball diamond E) baseball stadium
Answer:",C
"Question: What negative effect can competing in a chess game on a cold day have?
Choices: A) enemies B) perform better C) sweat D) tension E) frostbite
Answer:",D
"Question: Why is it hard for a young child to read a long book?
Choices: A) knowledge B) cover C) no pictures D) past E) many words
Answer:",E
"Question: On a hot day what can you do to enjoy something cool and sweet?
Choices: A) dive B) cool off C) fresh cake D) go for swim E) eat ice cream
Answer:",E
"Question: What is likely to be found in a book that is not a foreword?
Choices: A) last word B) conclusion C) ikea instructions D) afterword E) epilogue
Answer:",E
"Question: How many hours are in a day?
Choices: A) week B) bright C) night D) twenty four E) year
Answer:",D
"Question: Why is religion so hard to understand?
Choices: A) both positive and negative B) unknowable C) important to people D) ocean E) confusing
Answer:",E
"Question: The couple explained they were having trouble communicating, it seemed every conversation took great what?
Choices: A) thinking B) effort C) laugh D) force E) medium
Answer:",B
"Question: What would a person need to do if his or her captain dies at sea?
Choices: A) cross street B) have a party C) experience life D) cross road E) man crew
Answer:",E
"Question: What do children require to grow up healthy?
Choices: A) need care B) come home C) fast food D) watch television E) wash dishes
Answer:",A
"Question: I house outside the center of a community is said to be where?
Choices: A) city B) subdivision C) newspaper D) residential area E) street
Answer:",B
"Question: The field general began to write out a letter to the king, he was told to send what when the enemy was near?
Choices: A) syllable B) english alphabet C) word D) email E) invitation
Answer:",C
"Question: What will you put on a pen to prevent it from drying out?
Choices: A) write sentences on paper B) ink in C) ink cartridges D) caps E) cling film
Answer:",D
"Question: After climbing the mountains, the explored found the cave, what was the general goegraphy of the region he found it in?
Choices: A) west virginia B) kentucky C) desert D) sea E) rocky hills
Answer:",E
"Question: They dealt with combustible mixtures in their experiments, this is why they kept a fire extinguisher where?
Choices: A) hospital B) chemistry lab C) most businesses D) classroom E) public building
Answer:",B
"Question: If someone mean wanted to insult somebody by calling them a fruit, where is probably not the smartest place to do it?
Choices: A) gay bar B) market C) grocery store D) refrigerator E) container
Answer:",A
"Question: Where would you get a toothpick if you do not have any?
Choices: A) box B) grocery store C) eyes D) chewing E) mouth
Answer:",B
"Question: What would you be building if you designed a place for an annoying critter to stay?
Choices: A) spread disease B) swamp C) fly away D) cat condo E) bug campers
Answer:",E
"Question: The man working in the attic swatted away a bee, but soon the single bee was an entire what?
Choices: A) swarm B) pack C) countryside D) soft drink E) field of flowers
Answer:",A
"Question: What do you need to wear when hiking?
Choices: A) cast iron stomach B) physical exertion C) shin splints D) adventure E) fatigue
Answer:",C
"Question: What type of store would have lots of sports equipment?
Choices: A) mall B) office supply store C) school D) sporting goods store E) sporting event
Answer:",D
"Question: The business man was promoted recently, to celebrate he went where to buy an expensive wristwatch?
Choices: A) case B) jewelry store C) shopping D) jewelery box E) hock
Answer:",B
"Question: How is a child eager to be going to play likely to get there?
Choices: A) slowly B) rush C) being entertained D) have fun E) enjoyment
Answer:",B
"Question: There's some new buying products designed to get you money if you have none. The first step is that it will show you how to declare what?
Choices: A) tax return B) bankruptcy C) pleasure D) debt E) spending money
Answer:",B
"Question: Where can you buy a replacement ax handle?
Choices: A) bathroom B) hardware store C) water fountain D) grocery store E) fridge
Answer:",B
"Question: Is that person acting as silly as a clown?
Choices: A) make mistakes B) ridiculous C) have no home D) mentally unhinged E) schizophrenia
Answer:",B
"Question: Which group of states is Louisiana part of?
Choices: A) deep south B) 98 of world's crayfish C) united states D) gulf states E) bible belt
Answer:",D
"Question: Where would you put a plate immediately after eating from it?
Choices: A) kitchen cupboard B) floor C) table D) dishwasher E) flea market
Answer:",D
"Question: James couldn't get comfortable.  There was too much dirt.  He needed to clean out what?
Choices: A) ground B) subway C) bank D) bed E) street
Answer:",D
"Question: The rats were hiding in the house, where were they?
Choices: A) sewers B) laboratory C) basement D) clinic E) cellar
Answer:",E
"Question: What do people do when they don't understand something?
Choices: A) ask questions B) experience joy C) believe in god D) talk to each other E) get sick
Answer:",A
"Question: James saw a kite flying in the sky.  He traced the string back to its origin and found it.  Where did the string begin?
Choices: A) end of line B) hobby shop C) his hand D) toy store E) child's hand
Answer:",E
"Question: What rubber toy filled with helium will make a child happy?
Choices: A) loved B) learn C) eat cake D) balloon E) become adult
Answer:",D
"Question: Where do people get beer after a bit of gambling?
Choices: A) bottle B) grocery store C) casino D) spaceship E) hockey game
Answer:",C
"Question: What can happen to you when you are using television and it is not interesting?
Choices: A) turn off B) functions C) turning off D) entertainment E) fall asleep
Answer:",E
"Question: The business men left the discussion in the dressing room, now they just wanted to relax in the sauna of the what?
Choices: A) brush hair B) theater C) house D) dwelling E) bathhouse
Answer:",E
"Question: Where is a likely place for an ivy plant?
Choices: A) flower pot B) shelf C) windowsill D) outside E) sill
Answer:",D
"Question: Where has the newest baseball stadium?
Choices: A) phoenix B) chicago C) antarctica D) san francisco E) urban areas
Answer:",A
"Question: What type of residence has a ground floor with a stoop?
Choices: A) brownstone B) hotel C) condominium D) entering building E) office building
Answer:",A
"Question: If the wood texture is not smooth it is what?
Choices: A) gilded B) porous C) solid D) painted E) less dense than water
Answer:",B
"Question: What might happen if someone is not losing weight?
Choices: A) loose skin B) beauty C) miss universe D) death E) healthier
Answer:",D
"Question: Billy lived in the capital of his country, then he moved.  Where might he move to?
Choices: A) small town B) jail C) lower case D) contain governmental activities E) lowercase
Answer:",A
"Question: Making a schedule was easy to pick, the major called for knowledge that required a certain what?
Choices: A) color B) class C) meeting D) university E) encyclopedia
Answer:",B
"Question: When getting in shape, this is something that does wonders?
Choices: A) eat more B) starve C) give up D) period of recovery E) jogging
Answer:",E
"Question: What could prevent a driving car from continuing to drive?
Choices: A) automobile accidents B) backache C) pollution D) smoke E) low fuel tank
Answer:",A
"Question: Where do you store a large container?
Choices: A) supermarket B) factory C) juice D) hostel E) cabinet
Answer:",E
"Question: What is a person likely to experience after they stop being married to a mean person?
Choices: A) isolation B) grief C) happiness D) relief E) angry
Answer:",C
"Question: Despite the large crowds, how did the depressed man feel?
Choices: A) small group B) alone C) solitary D) solitude E) panic
Answer:",C
"Question: Where does a maid empty a trash can?
Choices: A) bus stop B) corner C) hockey game D) motel E) alley
Answer:",D
"Question: The dog curled up for a nap, it was tuckered out because it had just been what?
Choices: A) walked B) petted C) affection D) go outside E) scratch
Answer:",A
"Question: He used an umbrella while tanning, where was he likely?
Choices: A) waves B) seattle C) suitcase D) beach E) jacket closet
Answer:",D
"Question: What do the feathers look like on birds found in the rainforest?
Choices: A) pretty smart B) singing C) dark D) very colorful E) light
Answer:",D
"Question: The ancient seafaring Norse tribesman brought pelts of weasel aboard his what?
Choices: A) rabbit warren B) used car lot C) chicken coop D) cruise E) viking ship
Answer:",E
"Question: What is the opposite of an area of elevation?
Choices: A) disgust B) reduction C) depression D) demotion E) diminishment
Answer:",C
"Question: What do singers need to do before a show?
Choices: A) warm up B) use microphones C) clear throats D) create music E) sound beautiful
Answer:",A
"Question: When a person with mental illness receives medication and therapy, what has happened?
Choices: A) cause irrational behaviour B) recur C) effectively treated D) managed E) cause suffering
Answer:",C
"Question: What type of feeling is performing for the first time likely to produce?
Choices: A) action B) butterflies C) happiness D) a sense of calm E) anxiety
Answer:",E
"Question: If someone is found to be committing murder, what did they do to someone?
Choices: A) misery B) kill C) distress D) tickel E) go to jail
Answer:",B
"Question: The computer was hooked up to the internet, what could it do as a result?
Choices: A) process information B) believe in god C) make decisions D) process information E) receive data
Answer:",E
"Question: The planet Mercury is unsuitable for human life or what?
Choices: A) toxic B) uninhabitable C) mercury sulphide D) poisonous E) jupiter
Answer:",B
"Question: Seeing idea become reality was a dream of hers for a long time, but as the time came to get on stage she had more what?
Choices: A) build B) anxiety C) celebrate D) very nice E) ocean
Answer:",B
"Question: A creek could be located in the opposite for the city which is called what?
Choices: A) meadow B) stick C) valley D) forest E) countryside
Answer:",E
"Question: Where off the eastern U.S. would you find an anemone?
Choices: A) flower bed B) tide pool C) florida keys D) coral sea E) aquarium
Answer:",C
"Question: Where are traveling clothes often kept?
Choices: A) suitcase B) bedroom C) closet D) draws E) dresser
Answer:",A
"Question: If one needed the bathroom they needed a key, to get it they had to also buy something from the what?
Choices: A) school B) convenience store C) rest area D) mall E) theater
Answer:",B
"Question: Although the sun did rise, what did the pessimist warn everyone it would do?
Choices: A) lay B) go down C) fall D) below E) sundown
Answer:",B
"Question: The hardcovers were especially tall, so he removed a shelf on the what to make room?
Choices: A) chest of drawers B) grocery store C) hold alcohol D) nightstand E) bookcase
Answer:",E
"Question: If you're watching a comedy film what would you expect to hear from the audience?
Choices: A) park B) insight C) being entertained D) laughter E) fear
Answer:",D
"Question: What can eating lunch cause that is painful?
Choices: A) headache B) bad breath C) heartburn D) gain weight E) farts
Answer:",C
"Question: The performer was ready to put on a show and stepped onto the launch platform, what was his job?
Choices: A) cape canaveral florida B) nasa C) battleship D) ocean E) trapeze
Answer:",E
"Question: Eating is part of living, but your body doesn't use it all and the next day you will be doing what?
Choices: A) reduced B) getting full C) becoming full D) chewing E) defecating
Answer:",E
"Question: Where are you if you've paid to get a pizza?
Choices: A) popular B) baked in oven C) restaurant D) oven E) plate
Answer:",C
"Question: What would you use to find a place to stay?
Choices: A) mexico B) phone book C) town D) city E) sun dial
Answer:",B
"Question: If you're seeking a connection for your laptop, what are you trying to hook up with?
Choices: A) computer network B) electrical circuit C) lineage D) company E) wall
Answer:",A
"Question: The child didn't know the problems his mother was going through, all he had was what for her?
Choices: A) care B) balloon C) loved D) become adult E) learn
Answer:",C
"Question: To see new films you must?
Choices: A) open eyes B) go to movies C) kick ball D) make art E) look for
Answer:",B
"Question: What can happen when you contemplate alone for a long time?
Choices: A) daydream B) headache C) get ideas D) sleep E) become distracted
Answer:",A
"Question: The pioneer went to the general store for storage measures, what was he looking for?
Choices: A) checkers B) barrels C) baking soda D) buffalo E) salt
Answer:",B
"Question: I was apprehensive to buy the expensive equipment to play a game with so much walking and swinging around in grass, but now I understand why people what?
Choices: A) care less B) play golf C) shake hands D) believe in god E) trip over
Answer:",B
"Question: What can a newspaper be used to do to an engagement?
Choices: A) announce B) communicate C) educate D) inform E) cancel
Answer:",A
"Question: John needed a straight wire.  Unfortunately, this one had endured some abuse and had become what?
Choices: A) bent B) bent C) crooked D) straightforth E) curved
Answer:",A
"Question: Metal is taken from what which is pulled from the ground?
Choices: A) dirt B) instruments C) ore D) car E) junkyard
Answer:",C
"Question: When not in use where on your property would you store you bucket?
Choices: A) utility closet B) outside C) well D) garden shed E) garage
Answer:",D
"Question: What does someone do to relax at night?
Choices: A) find time B) check mail C) listen to music D) go to bed E) stop worrying
Answer:",D
"Question: Where might the stapler be if I cannot find it?
Choices: A) office building B) office supply store C) desk drawer D) with dwight E) desktop
Answer:",C
"Question: Many homes in this country are built around a courtyard. Where is it?
Choices: A) candidate B) spain C) lawn D) asshole E) office complex
Answer:",B
"Question: Sean was a wreck.  He  loved to build houses, but in his current state, he couldn't do what?
Choices: A) stand up B) produce C) construct D) make E) build
Answer:",C
"Question: What would be happening if you are pretending to be a police officer?
Choices: A) fighting B) misunderstanding C) deception D) play E) distrust
Answer:",C
"Question: Where would you buy a finely crafted writing instrument?
Choices: A) nasa B) classroom C) stationery store D) purse E) office supply store
Answer:",C
"Question: The detective was finding information from witnesses, why would he do that?
Choices: A) fun B) ulcers C) get answers D) happiness E) power
Answer:",C
"Question: Joe found spiders in the place where he keeps his tools.  Where might that be?
Choices: A) cupboard B) toolbox C) closet D) garage E) mail box
Answer:",D
"Question: While on the fan boat he thought he'd see swamps and gators, but he was surprised to spot a bald eagle in what nature area?
Choices: A) everglades B) high places C) natural habitat D) new york E) colorado
Answer:",A
"Question: Where are you likely to find a supermarket?
Choices: A) buy food for family B) city or town C) get supplies D) strip mall E) vermont
Answer:",B
"Question: Where would you need to use a lantern?
Choices: A) grocery store B) antique shop C) house D) dark place E) street
Answer:",D
"Question: What area does a police officer patrol?
Choices: A) direct traffic B) city C) beat D) street E) park
Answer:",C
"Question: Why would a woman kill a stranger she met in a dark alley?
Choices: A) being raped B) get rid of C) they didn't know the passcode D) get revenge E) were evil
Answer:",A
"Question: The baby was cranky, it needed to eat breakfast but refused to what?
Choices: A) buy food B) open mouth C) get out of bed D) cry E) wake up
Answer:",B
"Question: What is made up of people?
Choices: A) buildings B) audience C) apartment D) classroom E) falling down
Answer:",B
"Question: He was afraid he would die from his cold, so he wisely decided to what?
Choices: A) ocean B) write will C) never want D) were shot E) seek help
Answer:",E
"Question: Where would you get a pen if you do not have one?
Choices: A) briefcase B) desk drawer C) friend's house D) pocket E) sidewalk
Answer:",C
"Question: Why would a small dog pant if it's hot outside?
Choices: A) outside B) europe C) heat D) wet E) dog show
Answer:",C
"Question: She asked her little boy why, he replied that he didn't know and it was just what?
Choices: A) case B) reason C) how D) because E) answer
Answer:",D
"Question: Where would you display a picture on a horizontal surface?
Choices: A) microwave B) desktop C) shelf D) art show E) wall
Answer:",C
"Question: What skill is needed for riding a bike?
Choices: A) wheels B) feet C) pedalling D) practice E) good balance
Answer:",E
"Question: He looked at the field of pumps, all slowing churning oil out of the what?
Choices: A) manual B) street C) restaurant D) ground E) service station
Answer:",D
"Question: The department to where vendors deliver goods for sale is called what?
Choices: A) delivered B) take away C) receiving D) pick up E) keep
Answer:",C
"Question: Where is the worst place to be in a ticket office?
Choices: A) at the top B) movie theaters C) train station D) end of line E) opera house
Answer:",D
"Question: Exercise is very good for you, for faster recovery you should always do what afterwards?
Choices: A) stretch B) lower cholesterol C) weigh D) track E) expend energy
Answer:",A
"Question: What happens when you go somewhere and forget something at home?
Choices: A) arriving B) arrive there C) turn around D) go back E) fart
Answer:",D
"Question: Where would you acquire a wind instrument for you own use?
Choices: A) band practice B) concert C) music store D) symphony E) music room
Answer:",C
"Question: Where would a person light alcohol on fire to observe the reaction?
Choices: A) supermarket B) bar C) pub D) restaurants E) chemistry lab
Answer:",E
"Question: If a storey contained a panoramic view, what kind of structure would it be in?
Choices: A) horizontal room B) storey book C) mall D) tall building E) book of stories
Answer:",D
"Question: Where does lettuce arrive by large trucks?
Choices: A) kitchen B) supermarket C) farmer's market D) salad E) refrigerator
Answer:",B
"Question: Why do people who are dying receive social security payments?
Choices: A) rejuvenation B) born again C) no longer exist D) unable to work E) change of color
Answer:",D
"Question: What should I do with a jumping rope?
Choices: A) fatigue B) sweating C) get tired D) tiredness E) hopping
Answer:",E
"Question: What do geese do every fall in fields?
Choices: A) guard house B) fly C) eat D) follow ultralight airplane E) group together
Answer:",E
"Question: I took my seat, the curtains drew back and I enjoyed the what?
Choices: A) airplane B) movie C) auditorium D) theatre E) show
Answer:",E
"Question: What should everyone do who doesn't want to fight anymore?
Choices: A) explicate B) pay tribute to king C) hope for peace D) wear shoes E) do well
Answer:",C
"Question: Where is the ideal location for a post office?
Choices: A) building B) business district C) above ground D) most towns E) center of town
Answer:",E
"Question: Where outside of a city would a squirrel live?
Choices: A) roof B) inside home C) forest D) yard E) park
Answer:",C
"Question: You should watch out for snakes if floating down what African body of water?
Choices: A) wet grass B) western texas C) high grass D) amazon river E) tree
Answer:",D
"Question: At the end of the day as he began to eat he paused and thanked her, it wasn't often she would what?
Choices: A) cook dinner B) did chores C) make food D) stretch out E) get food
Answer:",A
"Question: To what do trees roots cling?
Choices: A) yard B) orchard C) museum D) countryside E) surface of earth
Answer:",E
"Question: What probably has a lot of dust in the back?
Choices: A) closet B) door C) corner D) shelf E) library
Answer:",A
"Question: At the new comic store he found himself making friends, it was nice to meet people with what?
Choices: A) smiling B) smile C) open mind D) common interests E) laughter
Answer:",D
"Question: The student explained he had a clue what neuroepithelium was and got really nervous, he then lost his balance because a what issue?
Choices: A) tastebud B) retina C) inner ear D) nasal cavity E) autistic
Answer:",C
"Question: What could people do that involves talking?
Choices: A) confession B) state park C) sing D) carnival E) opera
Answer:",A
"Question: If you're a child answering questions and an adult is asking them that adult is doing what?
Choices: A) discussion B) explaning C) teaching D) confusion E) correct
Answer:",C
"Question: He has lactose intolerant, but was eating dinner made of cheese, what followed for him?
Choices: A) digestive B) feel better C) sleepiness D) indigestion E) illness
Answer:",D
"Question: The teacher played on the upright piano, she was explaining the song to all the students in the what?
Choices: A) music room B) bathroom C) house D) living room E) music store
Answer:",A
"Question: When you get an F, you fail. If you get A's you are?
Choices: A) passed B) completing C) passed D) passing E) succeeding
Answer:",D
"Question: What is the main purpose of having a bath?
Choices: A) cleanness B) wetness C) exfoliation D) use water E) hygiene
Answer:",A
"Question: The ball was hit over a boundary and struck an audience member.  What kind of game were they playing?
Choices: A) sporting event B) sporting C) basketball D) society E) ranch country
Answer:",A
"Question: What is someone operating a vehicle likely to be accused of after becoming inebriated?
Choices: A) punish B) arrest C) automobile accidents D) drunk driving E) talking nonsense
Answer:",D
"Question: Where would you get jewelry if you do not have any?
Choices: A) vault B) suitcase C) neighbour's house D) department store E) safe deposit box
Answer:",D
"Question: What is a philosopher waiting for to eventually gain through his studies?
Choices: A) job B) boredom C) anxiety D) impatience E) wisdom
Answer:",E
"Question: What do young boys do on the ice in the winter?
Choices: A) ski B) play hockey C) summer D) knit E) warm
Answer:",B
"Question: She loved spending money at the thrift store on knickknacks, this resulted in a lot of what on every shelf in her house?
Choices: A) poverty B) clutter C) getting D) satisfaction E) more happiness
Answer:",B
"Question: I listened to lecture intensely, what is my goal?
Choices: A) gain confidence B) concentrate C) get attention D) pay attention E) stop talking
Answer:",B
"Question: If a person is using a computer to talk to their granddaughter, what might the computer cause for them?
Choices: A) program created B) stress C) happiness D) ocean E) headache
Answer:",C
"Question: Joe was there to meet a large number of people.  As he filed though the entrance hall, he saw many strangers who came from far away.  What sort of building is he probably in?
Choices: A) person B) box C) convention center D) public building E) large building
Answer:",C
"Question: John wanted scatter his wife's remains in a lake in the wilderness.  He had to delay before of where he lived.  Where did he live?
Choices: A) mountains B) dead body C) pay debts D) state park E) new york
Answer:",E
"Question: Many towns and cities have trash cans where on sidewalks?
Choices: A) hospital B) park C) corner D) motel E) office
Answer:",C
"Question: The family wanted to adopt for enviro-ethical reasons, what did they abhor?
Choices: A) orphan B) biological child C) give away D) foster child E) abandon
Answer:",B
"Question: What happens when airplane engines cut off and are unable to be restarted in flight?
Choices: A) stall B) start melting C) taxi D) crash E) speed up
Answer:",D
"Question: Where would you be concerned about finding a cavity?
Choices: A) solid object B) molar C) dentist D) unbrushed tooth E) teeth
Answer:",E
"Question: Human beings learn about current events from what print item?
Choices: A) question authority B) melt C) read newspapers D) act E) dictionary
Answer:",C
"Question: In what kind of environment does an anemone live?
Choices: A) nursery B) south pacific C) desert D) sea water E) atlantic ocean
Answer:",D
"Question: He wanted lodging in the actual what, so that he was already where he needed to be?
Choices: A) a yurt B) resort area C) big city D) michigan E) going on vacation
Answer:",B
"Question: If I am suffering from boredom, and I want to see something beautiful, what should I do?
Choices: A) see art B) see ghost C) watch film D) grocery shop E) do crossword puzzle
Answer:",A
"Question: The goal was to hit the target, but a projectile ball can't hit anything if it isn't in what?
Choices: A) motion B) ocean C) flintlock D) arcade E) tennis court
Answer:",A
"Question: Where is a good place to set a cup of coffee while relaxing?
Choices: A) coffee shop B) kitchen C) hand D) table E) office
Answer:",D
"Question: If a fried egg was runny and there was no toast to sop it up, after the meal there'd be a messy what?
Choices: A) henhouse B) garden C) plate D) supermarket E) bird's nest
Answer:",C
"Question: If I want to behave with proper aplomb, what manners should I avoid?
Choices: A) inappropriate B) incomplete C) impolite D) none E) incorrect
Answer:",A
"Question: Before lifting weights he liked to warm up on the squash court, he really enjoyed the facilities of the what?
Choices: A) swimming pool B) rich person's house C) country club D) fitness center E) park
Answer:",D
"Question: What will happen to animals after eating food?
Choices: A) bite B) digestion C) feel pleasure D) pass water E) listen to each other
Answer:",C
"Question: If I wanted to grow plants, where could I put a lot of dirt?
Choices: A) corner B) street C) closet D) garden E) bathtub
Answer:",D
"Question: What does a person often feel about someone judging them guilty?
Choices: A) controversy B) responsibility C) resentment D) judge feelings E) hurt feelings
Answer:",C
"Question: A town between two mountains is located in a what?
Choices: A) valley B) hospital C) state D) train station E) michigan
Answer:",A
"Question: James need to use a toilet but there were no public ones in sight.  Eventually he broke down and did something very expensive so that he could get a toilet.  Where might he have gone?
Choices: A) motel room B) apartment C) bathroom D) games E) house
Answer:",A
"Question: Why did the heavy metal band need electricity at the stadium?
Choices: A) concert B) bedroom C) make person sick D) building E) church
Answer:",A
"Question: What is a person looking for when completing puzzles or riddles?
Choices: A) avoid pain B) compliments C) intellectual challenge D) passing grade E) attention
Answer:",C
"Question: If someone was making breakfast, they'd probably put two slices of bread in the what?
Choices: A) plastic bag B) pantry C) supermarket D) toaster E) prison
Answer:",D
"Question: His house was a mess, he began doing housework to get what?
Choices: A) boredom B) nice home C) michigan D) feeling satisfied E) house clean
Answer:",E
"Question: Where would a corpse be covered by a blanket?
Choices: A) bath store B) bedroom C) hospital D) flower garden E) michigan
Answer:",C
"Question: The man  tried to break the glass in order to make his escape in time, but he could not.  The person in the cat, trying to kill him, did what?
Choices: A) accelerate B) putting together C) working D) construct E) train
Answer:",A
"Question: The trucker plopped on the bench with a sense of relief, where did he arrive?
Choices: A) bordello B) rest area C) garden D) bus stop E) state park
Answer:",B
"Question: What is part of a republic like the USA?
Choices: A) state B) democratic C) kingdom D) democracy E) dictatorship
Answer:",A
"Question: Where do you keep extra clothing on a hike?
Choices: A) person B) hamper C) closet D) upstairs E) backpack
Answer:",E
"Question: What could an apple tree do?
Choices: A) new hampshire B) bloom C) washington state D) sunshine E) spontaneously combust
Answer:",B
"Question: What very cold area in the east can a crab be found?
Choices: A) fish market B) shallow waters C) atlantic ocean D) fresh water E) shore line
Answer:",C
"Question: The chef wanted to perfect his craft, what did he do?
Choices: A) thin potatos B) prepare food C) study french cooking D) drink E) cook dinner
Answer:",C
"Question: She wanted a kitten and puppy so why did she only get the puppy?
Choices: A) one choice for pet B) cute C) kennel D) soft E) waxy
Answer:",A
"Question: There was no shade for Jenny.  She was forced to lie there exposed to what?
Choices: A) full sunlight B) bright sunshine C) sunny place D) eat cake E) direct sunlight
Answer:",A
"Question: What could happen to you after you are cleaning house for a long time?
Choices: A) neatness B) tiredness C) order D) exhaustion E) sneezing
Answer:",D
"Question: What is someone doing when scheduling when to go to party?
Choices: A) rumpspringa B) meeting new people C) having fun D) meet new people E) plan
Answer:",E
"Question: What kind of path do comets tend to have?
Choices: A) ice B) set orbits C) universe D) space E) solid nucleus
Answer:",B
"Question: What do people feel after having sex that requires them to shower?
Choices: A) bedroom B) pleasant C) obesity D) painful E) dirty
Answer:",E
"Question: The vet found malignant tumors on the animals, what is their likely fate?
Choices: A) euthanasia B) pass water C) die of cancer D) feel pain E) feel pleasure
Answer:",C
"Question: What is the thing that is agitated in your head when kissing?
Choices: A) sexual stimulation B) herpes C) headache D) catch cold E) happiness
Answer:",E
"Question: Billy was reading the newspaper as he commuted to work, but once he got to his destination he balled it up and put it somewhere. Where did it put it?
Choices: A) trash B) floor C) subway D) ground E) lawn
Answer:",A
"Question: Where do you keep a pail in your house?
Choices: A) garage B) pool C) utility room D) hardware store E) wishing well
Answer:",C
"Question: what is printed with ink and distributed daily?
Choices: A) fountain pen B) squid C) newspaper D) book E) printer
Answer:",C
"Question: What are people likely to do when an unexpected decent outcome occurs?
Choices: A) kill each other B) thank god C) experience pain D) hatred E) talk to each other
Answer:",B
"Question: The terrace had Kanji written on it, indicating that it was made where?
Choices: A) japan B) rice paddy C) garden D) michigan E) italy
Answer:",A
"Question: The company sent off many purchases, they used recycled cardboard as their what?
Choices: A) packaging materials B) recycle bin C) box factory D) warehouse E) bowler hats
Answer:",A
"Question: Why might a person be known as a liar?
Choices: A) have no home B) false information C) hungry D) made fun of E) brain tumor
Answer:",B
"Question: The child was politely waiting for dessert, he was eventually rewarded for his what?
Choices: A) timing B) expenditure of time C) getting bored D) anger E) patience
Answer:",E
"Question: The man was giving assistance to a pan handler in the streets, how did he give assistance?
Choices: A) feeling good B) killing C) law suits D) out of pocket E) feel loved
Answer:",D
"Question: What do you call the caretakers of a child?
Choices: A) principal B) birth C) loving couple D) act of sex E) parents
Answer:",E
"Question: Where would you run in to a niece you only see every one and a while?
Choices: A) family reunion B) brother's house C) family picture book D) family tree E) party
Answer:",A
"Question: Working on the elaborate task was taxing, it require extreme what?
Choices: A) holding B) concentration C) energy D) job E) energh
Answer:",B
"Question: What may you have after awaking after a night of heavy drinking?
Choices: A) get up B) discomfort C) discomfort D) headache E) shock
Answer:",D
"Question: What uses a ribbon to put words on paper?
Choices: A) wrapping paper B) girl's hair C) bath D) floral arrangement E) typewriter
Answer:",E
"Question: Where are sheep likely to live?
Choices: A) school B) meadow C) lamb D) farm E) fairgrounds
Answer:",D
"Question: If I was watching TV on the couch and the air was stuffy, I might turn the fan on to make the what more comfortable?
Choices: A) hockey game B) living room C) bathroom D) football stadium E) hot room
Answer:",B
"Question: While walking the student needed to store his writing insturment away, where did he put it?
Choices: A) desk drawer B) cabinet C) purse D) classroom E) pocket
Answer:",E
"Question: Who watches a play in an auditorium?
Choices: A) building B) crowd C) city D) group E) high school
Answer:",B
"Question: What is a possible outcome for committing murder?
Choices: A) problems B) incarceration C) trial D) imprisonment E) prosecution
Answer:",D
"Question: where is a good place to obtain new soap?
Choices: A) supermarket B) washing C) cabinet D) own home E) sink
Answer:",A
"Question: What do people do for food?
Choices: A) talk to each other B) complete job C) wear hats D) kill animals E) believe in god
Answer:",D
"Question: There was many a bottle to choose from behind the cashier where?
Choices: A) grocery store B) diaper bag C) gas station D) liquor store E) medicine cabinet
Answer:",D
"Question: They had to know where to go, they got on the national highway after consulting the what?
Choices: A) canada B) atlas C) united states D) major cities E) book
Answer:",B
"Question: What do professors primarily do?
Choices: A) master physics B) state facts C) wear wrinkled tweed jackets D) school students E) teach courses
Answer:",E
"Question: Where do you throw a ball at pins?
Choices: A) bowling alley B) football stadium C) soccer field D) sporting event E) sporting goods store
Answer:",A
"Question: What might you need to do cleaning?
Choices: A) sing a song B) neatness C) allergies D) healthy living E) using water
Answer:",E
"Question: If i were to spit a lot without noticing i may have extra what?
Choices: A) phlegm B) saliva nd mouth C) disease D) germs E) spittle
Answer:",B
"Question: If student got a list of supplies from class like paper and pencils, their parent would have to go where?
Choices: A) classroom B) parking garage C) store D) backpack E) cabinet
Answer:",C
"Question: Why do young people swallow semen ?
Choices: A) you're into B) prostitute C) you're curious D) curiosity E) heterosexual woman in love
Answer:",C
"Question: Sally was standing in queue.  The line was very, very slow.  What was she feeling?
Choices: A) frustration B) delays C) being annoyed D) moving forward E) progress
Answer:",A
"Question: What is the animal trying to accomplish?
Choices: A) sand trap B) live long C) leave home D) feel pain E) eating
Answer:",B
"Question: James and Holly went dancing together. As they danced, he  pressed himself against her what?
Choices: A) euphoria B) moving body C) rhythmic movement D) happiness E) fatigue
Answer:",B
"Question: If a house has a subscription, what likely shows up in the driveway every morning?
Choices: A) subdivision B) newspaper C) street D) laundry mat E) surface of earth
Answer:",B
"Question: What does a person do when they feel dirty?
Choices: A) feel lucky B) cross street C) wash themselves D) eat E) wonder what happened
Answer:",C
"Question: After the weight cut he was worried about his energy levels, but this was part of participating in a what?
Choices: A) work B) wrestle C) play sports D) matter E) sleep
Answer:",B
"Question: what does a person do to stay healthy?
Choices: A) fever B) eat every day C) excited D) headache E) expressive
Answer:",B
"Question: Who is the guard here for?
Choices: A) man post B) attack C) intimidation D) prisoner E) unprotected
Answer:",D
"Question: If a person stutters when he experiences anxiety or excitement, he'll have difficult doing what?
Choices: A) express information B) dance C) library D) go somewhere E) study
Answer:",A
"Question: Where can you keep letter opener when it likely to be needed soon?
Choices: A) office supply store B) stationery store C) dek D) martyr's chest E) refrigerator
Answer:",C
"Question: Danny found that the carpet did not ,match the drapes, which was disappointing, because this place was expensive.  But it was the only place in town that wasn't booked solid for the week and he needed it while he was in town, so he couldn't complain.   Where might this place be?
Choices: A) brothel B) restaurant C) building D) bowling alley E) at hotel
Answer:",E
"Question: What do people need to do to change their lives?
Choices: A) face problems B) better themselves C) pay bills D) become disillusioned E) eat chicken
Answer:",A
"Question: Humans need shelter to survive.  They usually find shelter where?
Choices: A) underpass B) homes C) workplace D) school E) space shuttle
Answer:",B
"Question: Someone who had a very bad flight might be given a trip in this to make up for it?
Choices: A) first class B) propitious C) reputable D) one E) sufficient
Answer:",A
"Question: Nature can be good and bad for the person who walks, what are some things?
Choices: A) seeing bear B) see beautiful views C) get wet D) getting lost E) murdered by a landshark
Answer:",B
"Question: Jim decided to lose weight.  He thought that exercise is the best way to lose weight because you can't get rid of what?
Choices: A) need for food B) fitness C) sweating D) fastfood E) thirst
Answer:",A
"Question: Nature creates more beautiful structures than those that are what?
Choices: A) artificial B) indoors C) city D) man made E) eat cake
Answer:",D
"Question: The water in clouds turn in to what when it gets cold?
Choices: A) typhoon B) snowflake C) laddle D) teardrops E) sink
Answer:",B
"Question: What southern U.S. state is know for having many swamps?
Choices: A) wetlands B) new york C) michigan D) louisiana E) river delta
Answer:",D
"Question: When going to sleep what happens to your body?
Choices: A) snoring B) latency C) dreams D) relaxation E) dreaming
Answer:",D
"Question: Where is a monkey likely to enjoy being?
Choices: A) banana tree B) sailor suit C) theatre D) mulberry bush E) research laboratory
Answer:",A
"Question: What is a form of anaerobic exercising?
Choices: A) shortness of breath B) lift weights C) error D) fall down E) run
Answer:",E
"Question: The earth is one planet in what?
Choices: A) tree B) orbit C) solar system D) fotograph E) dreams
Answer:",C
"Question: Where would you put a container can after you buy it?
Choices: A) pantry B) store C) gas D) liquid E) garage
Answer:",E
"Question: Where did you meet your best friend since Kindergarten?
Choices: A) friend's house B) school C) fraternity house D) internet cafe E) airplane
Answer:",B
"Question: James was below the balloon.  He watched it rise.  What direction did he look in?
Choices: A) upstairs B) aloft C) diagonal D) upstream E) upwards
Answer:",E
"Question: John and Tim like playing. It makes them what?
Choices: A) feeling happy B) learning C) injury D) burn E) get hungry
Answer:",A
"Question: What could happen if someone is seeing new presents at a birthday party?
Choices: A) envy B) jealousy C) education D) fear E) excitement
Answer:",E
"Question: Joe's cat smelled something delicious and jumped into this, causing him to panic and fear for its life. Where might it have jumped?
Choices: A) meat loaf B) bedroom C) microwave D) living room E) floor
Answer:",C
"Question: Why would a person put flowers in a room with dirty gym socks?
Choices: A) continue to grow B) plant themselves C) many colors D) smell good E) make pretty
Answer:",D
"Question: The table wasn't level.  some parts were higher and some were lower with no rhyme or reason.   It was very what?
Choices: A) electrical circuit B) build evenly C) uneven D) unbalanced E) tilted
Answer:",C
"Question: The person signed up for home insurance, what is he seeking?
Choices: A) financial security B) live well C) good relationship D) compliments E) discounted furniture
Answer:",A
"Question: James know that committing murder was wrong, but he thought that he could get away with it.  He was really troubled  and fearful because of what?
Choices: A) happiness B) problems C) prosecution D) distress E) misery
Answer:",C
"Question: How can someone die from eating hamburger?
Choices: A) gas B) getting full C) mad cow disease D) death E) feel full
Answer:",C
"Question: Where would using a boat not require navigation skills?
Choices: A) water B) ocean C) garage D) harbor E) river
Answer:",E
"Question: What does a self assured person often do?
Choices: A) acknowledgment B) focused C) know what time D) feel important E) trust himself
Answer:",D
"Question: He was very outgoing, for him making friends was no personal what?
Choices: A) scary B) having friends C) good feeling D) conflict E) friendship
Answer:",D
"Question: What do you feel when giving assistance to the needy?
Choices: A) reward B) boredom C) pleasure D) happiness E) satisfaction
Answer:",E
"Question: Paul wants carrots and doesn't need to drive anywhere. He gets them from where?
Choices: A) refrigerator B) store C) farmer's market D) supermarket E) dryer
Answer:",A
"Question: He was a sloppy eater, so where did he leave a mess?
Choices: A) sailboat B) desk C) closet D) table E) apartment
Answer:",D
"Question: What does every person want?
Choices: A) life partner B) larger house C) second chances D) money E) headache
Answer:",A
"Question: If a small flying animal picks up a string, where are they taking it?
Choices: A) bird's nest B) park C) guitar D) kite E) quark
Answer:",A
"Question: He had no issue committing perjury, he had a what that he would get away with it?
Choices: A) confidence B) go to jail C) telling lies D) lying E) manual
Answer:",A
"Question: What could go to a tennis court?
Choices: A) desert B) college campus C) recreational center D) athletic club E) park
Answer:",D
"Question: What could you use to fill a cup and then drink from it?
Choices: A) sand box B) kitchen cabinet C) waterfall D) water fountain E) table
Answer:",D
"Question: The two played video games all night in the living room, he enjoyed visiting where?
Choices: A) formal seating B) friend's house C) movies D) home E) apartment
Answer:",B
"Question: The weasel ran up away from danger, somebody joked only our first president could get him down from the what?
Choices: A) washington dc B) ladder C) natural history museum D) cherry tree E) chicken coop
Answer:",D
"Question: If you were looking for a blowfish, you wouldn't look on dry land, you'd look in a what?
Choices: A) fish market B) jungle C) sea water D) body of water E) soup
Answer:",D
"Question: George checked the rotor of the Apache, which wasn't powered by internal combustion, but by what?
Choices: A) jet engine B) helicopter C) electric motor D) rotator E) electrical circuit
Answer:",A
"Question: The poker dealer spread the flop of cards across the what?
Choices: A) players B) play games C) casino D) table E) toy store
Answer:",D
"Question: Where is a salt shaker most often kept?
Choices: A) cruet B) table setting C) kitchen cupboard D) cabinet E) store
Answer:",B
"Question: Where would you put a dollar if you want to go to a store and buy something with it?
Choices: A) cash drawer B) teh bank C) safety deposit box D) pocket E) piggy bank
Answer:",D
"Question: What room is likely to have a sideboard on the counter?
Choices: A) home B) serve food buffet C) dining room D) living room E) kitchen
Answer:",E
"Question: What is unlikely to get bugs on its windshield due to bugs' inability to reach it when it is moving?
Choices: A) airplane B) scooter C) motorboat D) car E) motor vehicle
Answer:",A
"Question: What mall store sells jeans for a decent price?
Choices: A) clothing store B) bedroom C) thrift store D) apartment E) gap
Answer:",E
"Question: Where can a bath towel be borrowed?
Choices: A) cupboard B) at hotel C) swimming pool D) clothes line E) backpack
Answer:",B
"Question: Why do people stop caring about their problems?
Choices: A) no problems B) better themselves C) face problems D) learn from each other E) become disillusioned
Answer:",E
"Question: John rode on the plain until it reached the ocean and couldn't go any farther. What might he have bee on?
Choices: A) mountain B) fancy C) sandplain D) cliff E) gorge
Answer:",D
"Question: They were never going to be big actors, but they all had passion for the local what?
Choices: A) theater B) opera C) show D) television E) blockbuster feature
Answer:",A
"Question: Where would you use a folding chair but not store one?
Choices: A) beach B) city hall C) closet D) garage E) school
Answer:",A
"Question: If you spend a long time shopping in uncomfortable shoes, you might develop what?
Choices: A) tiredness B) calluses C) bankruptcy D) standing in line E) sleepyness
Answer:",B
"Question: What does impeachment mean for the president?
Choices: A) vote B) election C) trouble D) board room E) corporation
Answer:",C
"Question: Noble citizen of the Roman empire believed those born with lower status were what to them?
Choices: A) loser B) ignoble C) peasant D) inferior E) plebeian
Answer:",D
"Question: Spraining an ankle while playing baseball will cause what?
Choices: A) strikes B) eating C) injury D) sore muscles E) pain
Answer:",E
"Question: John was traveling to a new city and took time to check out a business.  He noticed that its carpet was stained with sauces and ketchup. What type of business might that be?
Choices: A) bedroom B) chair C) bowling alley D) at hotel E) restaurant
Answer:",E
"Question: If you have a condo in a Wisconsin city known for beer, where are you?
Choices: A) city B) electrical circuit C) residential area D) suburbia E) milwaukee
Answer:",E
"Question: Where is hard to read note likely to be?
Choices: A) fridge B) sheet music C) desk D) bed E) medical chart
Answer:",E
"Question: How does someone go about buying beer?
Choices: A) have no money B) pants C) relaxation D) lose money E) spend money
Answer:",E
"Question: If there is gum on your shoe where did it likely come from?
Choices: A) shelf B) movies C) sidewalk D) water fountain E) table
Answer:",C
"Question: If a person isn't able to pay their bills what must they do?
Choices: A) know everything B) acknowledgment C) make more money D) throw a party E) spare time
Answer:",C
"Question: What is main benefit to exercising?
Choices: A) losing weight B) healthy C) get in shape D) weight loss E) sweat
Answer:",C
"Question: Steve thought that it was possible, but he agreed that it was what?
Choices: A) no go B) unable C) unlikely D) impossibility E) cant do
Answer:",C
"Question: What region of a west coast U.S. city would you find a Japanese restaurant?
Choices: A) california B) tokio C) downtown D) narnia E) large town
Answer:",C
"Question: What is a tactic used to interfere with learning about science?
Choices: A) repetition B) sense of wonder C) accidents D) intimidation E) increased knowledge
Answer:",D
"Question: What do people usually feel when falling in love?
Choices: A) getting married B) pain C) happiness D) getting married E) suffering
Answer:",C
"Question: The tiger was stuck in what animal prison where he got lazy and fat?
Choices: A) jungle B) zoo C) kill D) india E) eat cake
Answer:",B
"Question: What do parents tell a child to do on the weekend?
Choices: A) study B) begin school C) go out to play D) row boat E) clean room
Answer:",C
"Question: Why are dogs often known as man's best friend?
Choices: A) aggressive B) friendly C) very loyal D) found outside E) very smart
Answer:",C
"Question: Where can you buy a two wheel transportation machine?
Choices: A) boat B) michigan C) train station D) bicycle shop E) trunk of car
Answer:",D
"Question: Where might an alien use a vacuum?
Choices: A) space B) closet C) kitchen D) orbit E) container
Answer:",A
"Question: Where do you buy condoms?
Choices: A) supermarket B) sock drawer C) cd store D) medicine chest E) bedroom
Answer:",A
"Question: What animal is known for being a follower?
Choices: A) goat B) expensive C) lion D) wolf E) meadow
Answer:",A
"Question: The soldier was told to get to the rendezvous point, for there he was suppose to what?
Choices: A) fight enemy B) go to war C) fight for freedom D) wait for orders E) follow instructions
Answer:",D
"Question: If you want to kill someone you can do what to them with a gun?
Choices: A) sip through B) damnation C) shoot D) commit crime E) eat breakfast
Answer:",C
"Question: The hostess greeted the employees to the program, she then led them to their what?
Choices: A) group people B) welcome guests C) occupations D) work room E) seat customer
Answer:",D
"Question: Where is a likely place to store unused soap?
Choices: A) cabinet B) supermarket C) jail D) butt E) own home
Answer:",A
"Question: Loss of someone you love can cause what kind of feeling in your heart?
Choices: A) painful B) happy C) blind D) contagious E) bring joy
Answer:",A
"Question: Where in your home would you keep a ballpoint pen when not in use?
Choices: A) backpack B) bank C) desk drawer D) eat cake E) office desk
Answer:",C
"Question: James was someone who was caught in his own delusions.  To him, the truth didn't do what what?
Choices: A) work to advantage B) matter to C) help D) free mind E) further knowledge
Answer:",B
"Question: He wanted to live somewhere were every yard was uniform in size and landscaping, where should he look for a house?
Choices: A) city B) three feet C) subdivision D) parking garage E) michigan
Answer:",C
"Question: The flasks was used to distill elements, where was is being used?
Choices: A) laboratory B) chemistry lab C) coat pocket D) after hours speakeasy E) bordello
Answer:",B
"Question: What was the man encouraged to do after he expressed his anger violently?
Choices: A) cool off B) punch C) illustrate point D) fight E) release energy
Answer:",A
"Question: Where can a student learn to play a triangle?
Choices: A) math class B) math book C) in pythagorus' band D) orchestra E) music class
Answer:",E
"Question: What do you need to do to use television if it is already turned on?
Choices: A) get wet B) open eyes C) kill D) plug in E) first turn on power
Answer:",B
"Question: The guys had a regular poker game, rather than going to the movies this what their what?
Choices: A) competition B) fun game C) losing money D) fun E) social event
Answer:",E
"Question: When you stroke a dogs fur what have you done?
Choices: A) start fighting B) play C) lots of attention D) petted E) bone
Answer:",D
"Question: Dan fell off a bar stool.  He did this because he was what than ever before?
Choices: A) kitchen B) drunker C) tavern D) restaurant E) shorter
Answer:",B
"Question: The wood was still rough to the touch, what did the woodworker have to do?
Choices: A) petrify B) sanded C) warp D) composted E) clean
Answer:",B
"Question: The chief saw his entire tribe wiped out, he was a leader with a single what?
Choices: A) peon B) indian C) minister D) follower E) employee
Answer:",D
"Question: The flower grew tall to compete for sunlight, what did its neighbor do?
Choices: A) blossom B) park C) open D) cast shadow E) vase
Answer:",D
"Question: If while driving to work another car makes a careless maneuver, what emotion might you feel?
Choices: A) boredom B) happiness C) transportation cost D) getting there E) road rage
Answer:",E
"Question: What kind of food makes someone sick?
Choices: A) boat B) necessary to live C) edible D) unhealthy E) kitchen
Answer:",D
"Question: Where would you find the sharpest parts of a triangle?
Choices: A) three vertices B) point C) 3 sides D) three sides E) math book
Answer:",A
"Question: How might a automobile get off a freeway?
Choices: A) exit ramp B) garage C) driveway D) repair shop E) stop light
Answer:",A
"Question: What does going to bed with your spouse for sex lead to?
Choices: A) bad dreams B) a good nights sleep C) rest D) sleepiness E) get pregnant
Answer:",E
"Question: What would it be if they get a surprising show over and over?
Choices: A) surprise B) fight C) annoyance D) might scare E) irritated
Answer:",C
"Question: Sally thought that competing wasn't worth the risk. If she pushed more what might happen?
Choices: A) pressure B) trying harder C) put harder D) enemies E) death
Answer:",E
"Question: John is sitting in a toilet stall in a bathroom, outside he can hear cars going around in circles.  What is the function of the place he is most likely at?
Choices: A) eating food B) public place C) race track D) at hotel E) public building
Answer:",C
"Question: What event might one buy tickets for seats?
Choices: A) park B) show C) auditorium D) movies E) rest area
Answer:",B
"Question: The merchant wanted to open in a high-traffic space, where did he rent space?
Choices: A) mall B) business C) store D) sale E) sell goods
Answer:",A
"Question: The newlyweds began copulating their marriage, they wanted many what?
Choices: A) babies B) odors C) sadness D) rapport E) ejaculation
Answer:",A
"Question: How does a planet usually move around the sun?
Choices: A) writing B) universe C) outer space D) outerspace E) orbit
Answer:",E
"Question: When a group of people are talking at work they might be doing what?
Choices: A) having a concert. B) cough C) sharing of ideas D) speak E) sneeze
Answer:",C
"Question: What emotion leads to punching?
Choices: A) fists B) hitting C) boxing gloves D) anger E) hands
Answer:",D
"Question: They kept doing things the same, she suggested they also try doing things what?
Choices: A) differently B) otherwise C) expensive D) only E) mere
Answer:",A
"Question: Where could you find a shark before it was caught?
Choices: A) pool hall B) tomales bay C) marine museum D) business E) desert
Answer:",B
"Question: Where is one likely to find poker chips?
Choices: A) supermarket B) pantry C) motherboard D) bar E) bar
Answer:",D
"Question: Dance can be elegant and specific, or you can just have fun and what?
Choices: A) falling down B) trip C) fall down D) move around E) celebrate
Answer:",D
"Question: Where can one obtain a bass fiddle?
Choices: A) jazz band B) string quartet C) group band D) nursery rhyme E) music store
Answer:",E
"Question: Why does having a disability sometimes making academic tasks hard for a person?
Choices: A) mentally challenged B) have choice C) lots of space D) hungry E) acknowledgment
Answer:",A
"Question: What is the purpose of playing games for children?
Choices: A) winning B) learning C) losing D) fatigue E) skill
Answer:",B
"Question: If for some reason you were to start killing people, what would you be likely to receive?
Choices: A) feelings of guilt B) prison sentence C) terrible D) encouragement E) die
Answer:",B
"Question: If someone laughs after surprising them they have a good sense of what?
Choices: A) joy B) fight C) frightened D) humor E) laughter
Answer:",D
"Question: People played a variety of games in the soccer field.  It was the closest thing they had to what?
Choices: A) town B) beach C) park D) near E) outside
Answer:",C
"Question: What is likely to have a better school cafeteria?
Choices: A) high school B) canteen C) polytechnic D) large room E) all kinds of schools
Answer:",C
"Question: When someone has little knowledge and is judging someone they are considered what?
Choices: A) objectivity B) knowing yourself C) experience D) ignorance E) introduction
Answer:",D
"Question: She wanted to get in shape, but she couldn't stay focused on the hour long what?
Choices: A) sweating B) excercise C) work out D) video E) swim
Answer:",C
"Question: When you do something and have fun, its something you?
Choices: A) spontaneous B) stop working C) pay for D) do like E) do enjoy
Answer:",E
"Question: What is a salesman responsible to do at work?
Choices: A) traveling to chicago B) get fired C) books D) sell products E) service account
Answer:",D
"Question: How does going jogging generally affect one's self esteem?
Choices: A) feel better B) feel pride C) sweating D) ocean E) arthritis
Answer:",A
"Question: Where would you find people standing in a line outside?
Choices: A) bus depot B) end of line C) opera D) neighbor's house E) meeting
Answer:",A
"Question: If you are committing perjury you have done what while under oath?
Choices: A) crime B) disrespect judge C) embarrassment D) lie E) indictment
Answer:",D
"Question: Where can you find the meaning of ""ficus""?
Choices: A) dictionary B) apartment C) libary D) middle east E) arboretum
Answer:",A
"Question: When are people buying products more?
Choices: A) debt B) economic boom C) being able to use D) disagreements E) trading
Answer:",B
"Question: The buildings were intended to not have residential kitchens in them, what were they designed for?
Choices: A) large city B) small C) eat cake D) university E) town
Answer:",D
"Question: Animals come in all types, some fly thanks to their lightweight hollow what?
Choices: A) tails B) bones C) eyes D) heads E) bodies
Answer:",B
"Question: The child felt like it was all pretend, he didn't understand what?
Choices: A) people believe B) daydreams C) transcendentalism D) laughter E) religion
Answer:",E
"Question: Where is a lake likely to be glacial?
Choices: A) michigan B) new york C) new york D) mountains E) countryside
Answer:",D
"Question: They needed grape juice for their party, they went to buy it and other snacks at the what?
Choices: A) field B) restaurant C) salad D) market E) food store
Answer:",E
"Question: Why do some people get passports and go to different locations?
Choices: A) believe in god B) smoke marijuana C) desire to travel D) use weapons E) throw away
Answer:",C
"Question: Where do apples form on an apple tree?
Choices: A) south africa B) sunshine C) new york D) bloom E) trunk
Answer:",D
"Question: Where areas are there likely to be many nightclubs?
Choices: A) manhattan B) drink and dance C) alcohol D) major city E) downtown area
Answer:",D
"Question: What can machines do that humans cannot?
Choices: A) fail to work B) perform work C) answering questions D) see work E) fly
Answer:",E
"Question: What does someone stop doing when being dead?
Choices: A) moving B) working C) breathing D) alive E) deadworks
Answer:",C
"Question: The place where my linen closet is really needs repainting a light color as it only has one overhead light.
Choices: A) house B) home C) pool house D) hallway E) bedroom
Answer:",D
"Question: Punk rock music is an important part of what action sport?
Choices: A) skate B) listen C) opera D) opera E) relax
Answer:",A
"Question: Where might a mouse be found to make it country?
Choices: A) kitchen B) cook C) computer lab D) old barn E) research laboratory
Answer:",D
"Question: Where is a bird likely to make it's home?
Choices: A) forest B) nest C) roof D) leaves E) sky
Answer:",A
"Question: When a person suffers from hunger early in the day what do they do?
Choices: A) eat hamburger B) eat breakfast C) open fridge D) buy food E) cook dinner
Answer:",B
"Question: How would you express information if you do not have a pen or pencil?
Choices: A) may disagree B) close mouth C) write down D) talk E) eyes
Answer:",D
"Question: What does everyone feel of monsters?
Choices: A) looking for love B) afraid of C) good at D) make pet E) different
Answer:",B
"Question: Why does someone want to examine thing closely?
Choices: A) buy B) learn about C) buy D) complex E) interesting
Answer:",B
"Question: What does 	drinking alcohol lead to?
Choices: A) have fun B) intoxication C) vomiting D) drinking more alcohol E) nausea
Answer:",B
"Question: Where would your hear a bass clarinet along side other wood wind instruments?
Choices: A) opera house B) school band C) music store D) orchestra E) bathroom stall
Answer:",D
"Question: What is the opposite of a little of something?
Choices: A) much B) plenty C) more D) big E) lot of
Answer:",E
"Question: The princess was pure, the evil wizard wished to do what to her?
Choices: A) dirty B) tarnish C) corrupt D) contaminated E) applied
Answer:",C
"Question: The piece of paper was worth a lot of money, it was an old Apple Inc what?
Choices: A) notebook B) copy machine C) stock certificate D) ream E) thumb drive
Answer:",C
"Question: During the winter hunt he could hear every motion in the woods, this was because of the what of everything?
Choices: A) being still B) silence C) stationary D) stillness E) standing still
Answer:",D
"Question: If a car-less person want to listen to talk radio in private, where might they listen to it?
Choices: A) trunk B) bedroom C) diner D) space shuttle E) shop
Answer:",B
"Question: Billy was an astronaut.  When he looked at the world from space, how did it look?
Choices: A) diverse B) round C) square D) orange E) complicated
Answer:",B
"Question: Where is a good place to have a fireplace in a house?
Choices: A) big house B) train C) cabin D) living room E) home
Answer:",D
"Question: If you own a cat where is the last place you'd want to find it?
Choices: A) trouble B) dog's mouth C) backyard D) nature E) home
Answer:",B
"Question: Where would you find a kosher deli along side a number of different places to eat?
Choices: A) los angeles B) food court C) new york city D) jewish community E) jewish neighborhoods
Answer:",B
"Question: What do you do when you're going to market?
Choices: A) buy food B) see other people C) buying vegetables D) buy a fat pig E) traveling
Answer:",A
"Question: She feared that she had cancer, but upon discovering truth that she hadn't, what was her attitude toward life?
Choices: A) conclusion B) pain C) happiness D) relief E) boring
Answer:",C
"Question: What is the feeling of one having fun?
Choices: A) smiling B) pleasure C) hurt D) injuries E) laughter
Answer:",B
"Question: If I keep getting crumbs under my table, what should I put under it?
Choices: A) conference B) neighbor's house C) rug D) net E) card room
Answer:",C
"Question: Christians believe you will go to heaven if you're what?
Choices: A) unable to work B) born again C) change of color D) dead E) no longer exist
Answer:",B
"Question: James loved to surf but he wasn't good at it. He would always do what?
Choices: A) wipe out B) enjoy yourself C) start fighting D) get wet E) drown
Answer:",A
"Question: Sarah gave her brother a guy to her home.  While she was gone, he used it to do what?
Choices: A) front door B) turn lock C) solution to problem D) install E) open doors
Answer:",E
"Question: When did mammoth's live?
Choices: A) boscage B) forest C) prehistory D) prehistoric times E) ancient times
Answer:",E
"Question: After killing people, the murderer went to church after feeling what?
Choices: A) murder B) remorse C) religious D) retaliation E) anguish
Answer:",B
"Question: What might result in an unsuccessful suicide attempt?
Choices: A) die B) interruption C) bleed D) hatred E) dying
Answer:",B
"Question: What can happen if you are buying products that someone else does not want you to buy?
Choices: A) joy B) disagreements C) agony D) pleasure E) owning
Answer:",B
"Question: The child was getting many gifts for his birthday, his father reminded him to do what after opening each one?
Choices: A) show appreciation B) asking for C) exchanging D) say thank E) smile
Answer:",D
"Question: Bob stands in the grass surrounded by trees and nature, where is Bob?
Choices: A) rest area B) desert C) state park D) fairgrounds E) soccer game
Answer:",C
"Question: Bart entered his horse into the contest.  Where did he do this?
Choices: A) circus B) in kentucky C) western movie D) central park E) state fair
Answer:",E
"Question: From where does a snowflake form?
Choices: A) cloud B) snow storm C) billow D) air E) snowstorm
Answer:",A
"Question: All the power tools like the drill used for fixing cars made for a very loud workplace where?
Choices: A) basement B) work shop C) tool shed D) repair shop E) store room
Answer:",D
"Question: Applying for a job can make someone feel what sort of emotion, even if they get it?
Choices: A) working hard B) frustration C) rejection D) defeat E) stress
Answer:",E
"Question: A farmer sees a weasel in the woods, where is the farmer?
Choices: A) chicken coop B) beach C) fairytale D) great outdoors E) corn fields
Answer:",D
"Question: He picked up the perfect pebble, he planned to skip it across the entire small what?
Choices: A) manual B) lake C) aquarium D) pond E) playground
Answer:",D
"Question: Traveling from new place to new place is likely to be what?
Choices: A) going somewhere B) exhilarating C) diarrhea D) relocation E) exhausting
Answer:",B
"Question: Turkey only has a small northern part of their country located in part of the what?
Choices: A) middle east B) oven C) balkan peninsula D) provide meat E) asia minor
Answer:",C
"Question: Where might someone store a reusable shopping bag?
Choices: A) supermarket B) home C) mart D) obesity E) closet
Answer:",E
"Question: How could you have fun by yourself with no one around you?
Choices: A) fairgrounds B) watching television C) tired D) enjoyable E) friend's house
Answer:",B
"Question: The potato might be the official vegetable of what?
Choices: A) vegans B) kitchen cupboard C) restaurants D) chicken E) maryland
Answer:",E
"Question: Where is the sky most beautiful?
Choices: A) planetarium B) outdoors C) atmosphere D) night E) photo
Answer:",B
"Question: What type of fruit is easily broken in to sections?
Choices: A) slide B) citrus C) band D) orchestra E) coconut
Answer:",B
"Question: Marathoners feel fatigued after running twenty six miles, but some that have pushed them self too hard might be prone to what?
Choices: A) excruciating pain B) passing out C) death D) drunk E) exhaustion
Answer:",B
"Question: Billy liked driving cars.  He was good at it.  But he was rattled ever since his father experienced what?
Choices: A) transportation B) pollution C) stress D) death E) go somewhere
Answer:",D
"Question: I am cold, what should I do to stay warm?
Choices: A) stay in bed B) light fire C) freezer D) lay on ice E) spit
Answer:",B
"Question: Copulating with the wrong partner may be ill advised, many diseases can be transferred that can cause different types of what?
Choices: A) intense pleasure B) ejaculation C) period of rest D) enjoyment E) skin irritation
Answer:",E
"Question: What do audiences clap for?
Choices: A) cinema B) theatre C) movies D) show E) hockey game
Answer:",D
"Question: Where would you get a balalaika if you do not have one?
Choices: A) orchestra B) music store C) buy music D) make music E) symphony
Answer:",B
"Question: Hoping for a beautiful day, what did the clouds do that disappointed everyone?
Choices: A) homely B) overcast C) hideous D) overrated E) misshapen
Answer:",B
"Question: What type of demands to the unions need to be making to go off strike?
Choices: A) reasonable B) more money C) not go to work D) return to work E) union
Answer:",A
"Question: The landscaper was carefully arching stones together, he was creating an elaborate what over the creek?
Choices: A) park B) made from rocks C) balloon D) field E) bridge
Answer:",E
"Question: John was not happy with his marriage. He and his wife drifted apart.     All and all, recent turns could be described as what?
Choices: A) inappropriate B) sadness C) unsatisfied D) unfortunate E) disenchanted
Answer:",D
"Question: The poor girls needed a light to see, what was the relationship between that light and finishing her homework?
Choices: A) darkness B) cumbersome C) obesity D) forceful E) crucial
Answer:",E
"Question: Where would you find a ticket booth and see a concert?
Choices: A) clerk B) indoors C) movie theater D) venue E) auditorium
Answer:",D
"Question: Who is not famous for a superhighway with no speed limit?
Choices: A) europe B) germany C) industrialized country D) city E) america
Answer:",E
"Question: The low trickle of water revealed a stone, where was the stone found?
Choices: A) ocean B) gallbladder C) driveway D) river bed E) creek bed
Answer:",E
"Question: Where is the closest place from where you could borrow salt?
Choices: A) ocean water B) table C) shaker D) neighbor's house E) lake
Answer:",D
"Question: No matter what date you put on it, we all know the universe to be what?
Choices: A) very old B) infiniverse C) getting younger D) infinite E) real
Answer:",A
"Question: A meteor travels through galaxies which are a part of what?
Choices: A) republic of ireland B) sky C) orbit D) universe E) school
Answer:",D
"Question: What is a person considered a bully known for?
Choices: A) ridiculous B) false information C) made fun of D) brain tumor E) bull rider
Answer:",C
"Question: She had an interest in the man, what did she want to do with him?
Choices: A) see particular program B) see exhibits C) see people play game D) have conversation E) watch film
Answer:",D
"Question: Where is a drug kept in a home bathroom?
Choices: A) nursery B) ghetto C) cupboard D) pharmacy E) medicine cabinet
Answer:",E
"Question: When cooking sheep meat a lot of people might want to be well?
Choices: A) ram B) lamb C) done D) ram E) wolf
Answer:",C
"Question: Where would you sit in a chair while working toward an advanced degree?
Choices: A) aeroport B) church C) furniture store D) university E) living room
Answer:",D
"Question: Farm land makes use of what?
Choices: A) countryside B) michigan C) north dakota D) farming areas E) illinois
Answer:",D
"Question: A good interview after applying for a job may cause you to feel what?
Choices: A) offer B) income C) rejection D) hostile E) hope
Answer:",E
"Question: Computers have allowed everybody to answer questions they have quickly, but still we seem to be getting duller despite access to this what?
Choices: A) economic boom B) advance knowledge C) produce sound D) teach E) follow instructions
Answer:",B
"Question: There was a long cottage somewhere.  People thought it was haunted.  It was overgrown, there was nothing near it.  It's was far into the what?
Choices: A) mountains B) countryside C) train D) painting E) village
Answer:",B
"Question: Where is knight always portrayed as a hero?
Choices: A) middle ages B) chess board C) kids story D) fairy tale E) castle
Answer:",D
"Question: James is carrying a duffel bag with him because he doesn't have a vehicle of his own and needs a bag to carry his things in while he uses what?
Choices: A) library B) transit C) bus station D) army barracks E) locker room
Answer:",B
"Question: What would you need if you want to smoke?
Choices: A) you're stupid B) kill yourself C) roll joint D) cigarette E) lighter fluid.
Answer:",D
"Question: James decided that competing was the right choice.   Not competing has a defined outcome, but if he competes then what could happen?
Choices: A) might win B) perform better C) enemies D) winners and losers E) lose
Answer:",A
"Question: What could you use to get to some airplanes?
Choices: A) taxi B) carry people C) car D) stall E) crash
Answer:",A
"Question: What happens when driving?
Choices: A) lack of fuel B) paint scratching C) wheels turning D) tire wear E) traffic accident
Answer:",C
"Question: What are our bodies doing after having food?
Choices: A) falling down B) digesting C) gas D) weight gain E) not hungry
Answer:",B
"Question: Why would one try to avoid work?
Choices: A) making money B) leave home C) success D) malaise E) bad mood
Answer:",D
"Question: What do you do in order to fly in airplane?
Choices: A) buy tickets B) passenger C) read D) add gas E) run through checklists
Answer:",A
"Question: What is another name for the color of the fur of a dog with light colored fur?
Choices: A) fair B) basket C) dog hair D) game E) sun
Answer:",A
"Question: Sally was bored because she didn't like the junk that was on what?
Choices: A) drawer B) garage C) caddy D) bed E) television
Answer:",E
"Question: The lion sensed his competitor was timid, so what attitude did the lion take?
Choices: A) reckless B) bellicose C) defensive D) aggressive E) dauntless
Answer:",D
"Question: John felt a snake slither over him as he rested.  He was afraid to raise his covers for fear of startling it.  Where might he be?
Choices: A) pet shops B) oklahoma C) basement D) bedroom E) dreams
Answer:",D
"Question: Where can you find a place to eat in an urban area close to local nightlife?
Choices: A) city B) downtown C) mall D) shopping center E) own house
Answer:",B
"Question: You have to a lot of thinking while studying a new subject, but it is how you gain what?
Choices: A) fatigue B) depression C) best way D) weight E) knowledge
Answer:",E
"Question: How will you communicate if you are far away from who you want to communicate with?
Choices: A) think B) talk with people C) talk to people D) speak out E) send email
Answer:",E
"Question: Why would you not trust your friends after chatting with friends?
Choices: A) fever B) smoke C) laughing D) coughing E) lie
Answer:",E
"Question: He came from old money and had a fortune, but he made new money making shrewd trades where?
Choices: A) eat cake B) cookie C) stock market D) real estate E) treasure chest
Answer:",C
"Question: Animals make up a large part of the?
Choices: A) carrying cargo B) favorite C) ecosystem D) nature E) ecology
Answer:",C
"Question: At a shop what can you buy to put your spare unused things?
Choices: A) basement B) cardboard box C) ocean floor D) high school E) container
Answer:",E
"Question: A person with digestion issues eats a meat-filled breakfast, what does he feel?
Choices: A) heartburn B) overeating C) happiness D) being satisfied E) gain energy
Answer:",A
"Question: What is a prisoner sentenced to do?
Choices: A) scape jail B) dream of freedom C) become a hairdresser D) attempt to escape E) do time
Answer:",E
"Question: Jesse  enjoyed remembering the past because he helped him understand it.  And understanding the past helped him with doing what?
Choices: A) phoning B) nostalgia C) writing down D) active E) being prepared
Answer:",E
"Question: David watched some nesting birds using his binoculars while on vacation.  Where might David be?.
Choices: A) sky B) vaccation C) forest D) countryside E) roof
Answer:",C
"Question: Where would you find many varieties of plants including a rosebush?
Choices: A) kew gardens B) garder C) backyard D) shop E) beautiful garden
Answer:",E
"Question: If I did not have a rosebush, where would I get one?
Choices: A) pot B) museum C) garden center D) formal garden E) backyard
Answer:",C
"Question: What does a person with a what likely do?
Choices: A) feel important B) trust himself C) own house D) electrical circuit E) know what time
Answer:",E
"Question: What are cats often known for?
Choices: A) whiskers B) sharp teeth C) purr D) four legs E) sharp claws
Answer:",E
"Question: As he looked out the window, he knew the landing was happening soon, and it made him nervous, but where would he be soon?
Choices: A) apartment building B) disembark C) stairwell D) deplane E) airport
Answer:",E
"Question: Where can you find a dogs house?
Choices: A) found outside B) faithful C) frightening D) cold E) four legs
Answer:",A
"Question: Tweed is a rare fabric in modern clothing, what brand should I look for when buying it?
Choices: A) scotland B) brown C) fabric store D) clothing stores E) eddie bauer
Answer:",E
"Question: If you really wanted a grape, where would you go to get it?
Choices: A) winery B) fruit stand C) field D) kitchen E) food
Answer:",B
"Question: What would you do to a rock when climb up a cliff?
Choices: A) grab B) look down C) throw D) falling E) may fall
Answer:",A
"Question: His compressor needed a new hose, where did he go?
Choices: A) garden shed B) hardware store C) brothel D) garage E) greenhouse
Answer:",B
"Question: The man closed his eyes as the music played, what effect did the music have?
Choices: A) coma B) enjoyable C) soothing D) universal E) good or bad
Answer:",C
"Question: Setting up framing, truss and beam are some of the first steps in what?
Choices: A) new construction B) warehouse C) driving D) ceiling E) bridge
Answer:",A
"Question: What is another name for a disk for storing information?
Choices: A) computer store B) computer to store data C) computer hard drive D) cd player E) usb mouse
Answer:",C
